unsigned char fun_bmp[] = {
  0x42, 0x4d, 0xea, 0x66, 0x00, 0x00, 0x00, 0x00, 0x00, 0x00, 0x8a, 0x00,
  0x00, 0x00, 0x7c, 0x00, 0x00, 0x00, 0x5f, 0x00, 0x00, 0x00, 0x5b, 0x00,
  0x00, 0x00, 0x01, 0x00, 0x18, 0x00, 0x00, 0x00, 0x00, 0x00, 0x60, 0x66,
  0x00, 0x00, 0x00, 0x00, 0x00, 0x00, 0x00, 0x00, 0x00, 0x00, 0x00, 0x00,
  0x00, 0x00, 0x00, 0x00, 0x00, 0x00, 0x00, 0x00, 0xff, 0x00, 0x00, 0xff,
  0x00, 0x00, 0xff, 0x00, 0x00, 0x00, 0x00, 0x00, 0x00, 0xff, 0x42, 0x47,
  0x52, 0x73, 0x8f, 0xc2, 0xf5, 0x28, 0x51, 0xb8, 0x1e, 0x15, 0x1e, 0x85,
  0xeb, 0x01, 0x33, 0x33, 0x33, 0x13, 0x66, 0x66, 0x66, 0x26, 0x66, 0x66,
  0x66, 0x06, 0x99, 0x99, 0x99, 0x09, 0x3d, 0x0a, 0xd7, 0x03, 0x28, 0x5c,
  0x8f, 0x32, 0x00, 0x00, 0x00, 0x00, 0x00, 0x00, 0x00, 0x00, 0x00, 0x00,
  0x00, 0x00, 0x04, 0x00, 0x00, 0x00, 0x00, 0x00, 0x00, 0x00, 0x00, 0x00,
  0x00, 0x00, 0x00, 0x00, 0x00, 0x00, 0xff, 0xff, 0xff, 0xff, 0xff, 0xff,
  0xdc, 0xdc, 0xdc, 0x93, 0x94, 0x98, 0x6c, 0x6e, 0x7c, 0x6b, 0x6e, 0x80,
  0x6b, 0x6e, 0x81, 0x6b, 0x6e, 0x81, 0x6b, 0x6e, 0x81, 0x6b, 0x6e, 0x81,
  0x6b, 0x6e, 0x81, 0x6b, 0x6e, 0x80, 0x68, 0x6a, 0x76, 0x64, 0x64, 0x69,
  0x64, 0x65, 0x6b, 0x68, 0x6a, 0x76, 0x6a, 0x6d, 0x7f, 0x6b, 0x6e, 0x81,
  0x6b, 0x6e, 0x81, 0x6b, 0x6e, 0x81, 0x6b, 0x6e, 0x81, 0x6b, 0x6e, 0x81,
  0x6b, 0x6e, 0x81, 0x6b, 0x6e, 0x81, 0x6b, 0x6e, 0x81, 0x6b, 0x6e, 0x81,
  0x6b, 0x6e, 0x81, 0x6b, 0x6e, 0x81, 0x6b, 0x6e, 0x81, 0x6b, 0x6e, 0x81,
  0x6b, 0x6e, 0x81, 0x6b, 0x6e, 0x81, 0x6b, 0x6e, 0x81, 0x69, 0x6c, 0x7c,
  0x65, 0x66, 0x6e, 0x63, 0x62, 0x66, 0x64, 0x62, 0x68, 0x62, 0x61, 0x68,
  0x62, 0x61, 0x68, 0x62, 0x61, 0x68, 0x62, 0x61, 0x68, 0x62, 0x62, 0x69,
  0x61, 0x61, 0x65, 0x62, 0x62, 0x63, 0x6d, 0x71, 0x73, 0x77, 0x7f, 0x81,
  0x77, 0x7f, 0x81, 0x76, 0x7f, 0x81, 0x6d, 0x71, 0x73, 0x63, 0x63, 0x65,
  0x66, 0x67, 0x71, 0x6a, 0x6b, 0x7b, 0x6a, 0x6c, 0x7c, 0x6a, 0x6c, 0x7c,
  0x6a, 0x6c, 0x7c, 0x6a, 0x6c, 0x7c, 0x69, 0x6c, 0x7c, 0x69, 0x6b, 0x7a,
  0x66, 0x67, 0x71, 0x66, 0x68, 0x73, 0x6a, 0x6e, 0x82, 0x6b, 0x70, 0x85,
  0x6b, 0x70, 0x85, 0x6b, 0x70, 0x85, 0x6b, 0x70, 0x85, 0x6a, 0x6f, 0x81,
  0x68, 0x6b, 0x76, 0x66, 0x67, 0x6e, 0x66, 0x68, 0x71, 0x68, 0x6b, 0x79,
  0x6a, 0x6c, 0x7c, 0x6a, 0x6c, 0x7c, 0x6a, 0x6c, 0x7c, 0x6a, 0x6c, 0x7c,
  0x6a, 0x6c, 0x7c, 0x68, 0x6b, 0x79, 0x66, 0x67, 0x70, 0x64, 0x63, 0x6a,
  0x65, 0x64, 0x6f, 0x68, 0x66, 0x75, 0x6a, 0x67, 0x77, 0x6a, 0x67, 0x77,
  0x6a, 0x67, 0x77, 0x68, 0x66, 0x74, 0x66, 0x64, 0x6e, 0x66, 0x64, 0x6f,
  0x67, 0x64, 0x72, 0x68, 0x66, 0x75, 0x6f, 0x6d, 0x84, 0x75, 0x72, 0x8f,
  0x75, 0x72, 0x90, 0x74, 0x71, 0x8f, 0x74, 0x71, 0x88, 0x90, 0x8f, 0x97,
  0xd6, 0xd6, 0xd6, 0x00, 0x00, 0x00, 0xff, 0xff, 0xff, 0xff, 0xff, 0xff,
  0xca, 0xca, 0xca, 0x63, 0x66, 0x73, 0x33, 0x3c, 0x63, 0x36, 0x40, 0x78,
  0x34, 0x3e, 0x7a, 0x33, 0x3d, 0x7a, 0x33, 0x3d, 0x7a, 0x33, 0x3d, 0x7b,
  0x33, 0x3d, 0x7b, 0x32, 0x3d, 0x7a, 0x2c, 0x35, 0x65, 0x21, 0x25, 0x3f,
  0x20, 0x23, 0x3c, 0x2a, 0x32, 0x5e, 0x31, 0x3b, 0x76, 0x33, 0x3d, 0x7b,
  0x33, 0x3d, 0x7b, 0x33, 0x3d, 0x7b, 0x33, 0x3d, 0x7b, 0x33, 0x3d, 0x7b,
  0x33, 0x3d, 0x7b, 0x33, 0x3d, 0x7b, 0x33, 0x3d, 0x7b, 0x33, 0x3d, 0x7b,
  0x33, 0x3d, 0x7b, 0x33, 0x3d, 0x7b, 0x33, 0x3d, 0x7b, 0x33, 0x3d, 0x7b,
  0x33, 0x3d, 0x7b, 0x33, 0x3d, 0x7b, 0x33, 0x3d, 0x7b, 0x2e, 0x38, 0x6e,
  0x21, 0x26, 0x44, 0x19, 0x17, 0x24, 0x19, 0x15, 0x28, 0x19, 0x14, 0x2f,
  0x19, 0x15, 0x31, 0x1a, 0x16, 0x34, 0x1a, 0x16, 0x36, 0x1b, 0x17, 0x36,
  0x16, 0x14, 0x25, 0x14, 0x15, 0x19, 0x38, 0x46, 0x4c, 0x59, 0x72, 0x7c,
  0x59, 0x73, 0x7b, 0x57, 0x72, 0x79, 0x36, 0x44, 0x48, 0x1b, 0x1c, 0x29,
  0x27, 0x2b, 0x51, 0x2f, 0x34, 0x69, 0x2f, 0x35, 0x6a, 0x2f, 0x35, 0x6a,
  0x2f, 0x35, 0x6a, 0x2f, 0x35, 0x6a, 0x2c, 0x33, 0x66, 0x26, 0x2d, 0x54,
  0x22, 0x26, 0x44, 0x28, 0x31, 0x5d, 0x32, 0x40, 0x81, 0x33, 0x44, 0x89,
  0x33, 0x44, 0x89, 0x33, 0x44, 0x89, 0x33, 0x44, 0x89, 0x31, 0x40, 0x7e,
  0x28, 0x31, 0x58, 0x21, 0x25, 0x3e, 0x27, 0x2b, 0x50, 0x2d, 0x33, 0x65,
  0x2f, 0x35, 0x6a, 0x2f, 0x35, 0x6a, 0x2f, 0x35, 0x6a, 0x2f, 0x35, 0x6a,
  0x2e, 0x35, 0x69, 0x2a, 0x2f, 0x5c, 0x1f, 0x21, 0x3a, 0x1a, 0x17, 0x2b,
  0x20, 0x1b, 0x40, 0x2b, 0x22, 0x54, 0x2f, 0x25, 0x59, 0x30, 0x25, 0x59,
  0x2f, 0x25, 0x59, 0x2b, 0x22, 0x51, 0x23, 0x1d, 0x3f, 0x22, 0x1c, 0x40,
  0x24, 0x1d, 0x4c, 0x2b, 0x24, 0x5a, 0x43, 0x3b, 0x89, 0x54, 0x4b, 0xaa,
  0x54, 0x4a, 0xab, 0x52, 0x49, 0xa6, 0x47, 0x40, 0x85, 0x61, 0x5e, 0x75,
  0xc1, 0xc1, 0xc1, 0x00, 0x00, 0x00, 0xff, 0xff, 0xff, 0xff, 0xff, 0xff,
  0xc7, 0xc7, 0xc7, 0x5d, 0x60, 0x6b, 0x33, 0x3e, 0x5f, 0x3b, 0x4b, 0x7c,
  0x3b, 0x4c, 0x88, 0x3a, 0x49, 0x91, 0x35, 0x45, 0x96, 0x32, 0x41, 0x98,
  0x32, 0x40, 0x98, 0x31, 0x40, 0x98, 0x2f, 0x3d, 0x8f, 0x24, 0x2e, 0x6b,
  0x21, 0x29, 0x60, 0x2a, 0x37, 0x81, 0x31, 0x3f, 0x95, 0x32, 0x40, 0x98,
  0x32, 0x40, 0x98, 0x32, 0x40, 0x98, 0x32, 0x40, 0x98, 0x32, 0x40, 0x98,
  0x31, 0x40, 0x98, 0x31, 0x3f, 0x96, 0x31, 0x3f, 0x95, 0x31, 0x3f, 0x97,
  0x32, 0x40, 0x98, 0x32, 0x40, 0x98, 0x32, 0x40, 0x98, 0x32, 0x40, 0x98,
  0x32, 0x40, 0x98, 0x32, 0x40, 0x98, 0x32, 0x40, 0x98, 0x2e, 0x3c, 0x8e,
  0x21, 0x2a, 0x61, 0x0f, 0x10, 0x27, 0x0d, 0x07, 0x21, 0x13, 0x0b, 0x39,
  0x14, 0x0c, 0x41, 0x15, 0x0e, 0x44, 0x16, 0x0f, 0x47, 0x15, 0x0f, 0x44,
  0x0b, 0x08, 0x24, 0x06, 0x07, 0x0c, 0x3a, 0x4d, 0x56, 0x69, 0x8c, 0x9a,
  0x68, 0x8c, 0x99, 0x5a, 0x79, 0x83, 0x31, 0x3f, 0x44, 0x19, 0x1d, 0x32,
  0x20, 0x25, 0x57, 0x26, 0x2e, 0x70, 0x2b, 0x34, 0x7f, 0x2b, 0x35, 0x81,
  0x2c, 0x35, 0x80, 0x29, 0x31, 0x78, 0x20, 0x28, 0x5f, 0x17, 0x1f, 0x47,
  0x1d, 0x28, 0x5b, 0x2b, 0x3d, 0x8e, 0x31, 0x49, 0xa9, 0x32, 0x4b, 0xad,
  0x32, 0x4b, 0xad, 0x32, 0x4b, 0xad, 0x31, 0x48, 0xa8, 0x2b, 0x3d, 0x8d,
  0x1e, 0x29, 0x5b, 0x1b, 0x21, 0x4c, 0x26, 0x2d, 0x6b, 0x2c, 0x34, 0x7e,
  0x2c, 0x35, 0x80, 0x2c, 0x35, 0x81, 0x2c, 0x35, 0x81, 0x2c, 0x35, 0x80,
  0x2b, 0x33, 0x7d, 0x21, 0x28, 0x60, 0x10, 0x12, 0x2c, 0x0b, 0x07, 0x20,
  0x17, 0x0f, 0x44, 0x26, 0x19, 0x60, 0x2c, 0x1d, 0x67, 0x2c, 0x1d, 0x68,
  0x2c, 0x1d, 0x68, 0x28, 0x1b, 0x5f, 0x1d, 0x14, 0x46, 0x1a, 0x12, 0x44,
  0x1e, 0x15, 0x58, 0x2f, 0x24, 0x7a, 0x50, 0x44, 0xb9, 0x61, 0x54, 0xdb,
  0x61, 0x53, 0xdc, 0x5e, 0x51, 0xd5, 0x48, 0x3f, 0x99, 0x58, 0x55, 0x70,
  0xbd, 0xbd, 0xbd, 0x00, 0x00, 0x00, 0xff, 0xff, 0xff, 0xff, 0xff, 0xff,
  0xc7, 0xc7, 0xc7, 0x58, 0x59, 0x5d, 0x27, 0x2c, 0x37, 0x30, 0x3b, 0x48,
  0x38, 0x44, 0x58, 0x3b, 0x49, 0x6e, 0x3b, 0x4b, 0x86, 0x3b, 0x4b, 0x99,
  0x37, 0x47, 0x9f, 0x35, 0x44, 0xa0, 0x34, 0x43, 0x9f, 0x31, 0x3f, 0x94,
  0x30, 0x3d, 0x90, 0x33, 0x41, 0x9a, 0x34, 0x43, 0xa0, 0x35, 0x44, 0xa0,
  0x35, 0x44, 0xa0, 0x35, 0x44, 0xa0, 0x35, 0x44, 0xa0, 0x35, 0x44, 0xa1,
  0x34, 0x43, 0xa0, 0x32, 0x42, 0x9a, 0x31, 0x40, 0x95, 0x33, 0x42, 0x9b,
  0x35, 0x44, 0xa1, 0x35, 0x44, 0xa1, 0x35, 0x44, 0xa1, 0x35, 0x44, 0xa1,
  0x35, 0x44, 0xa1, 0x35, 0x44, 0xa1, 0x35, 0x44, 0xa0, 0x34, 0x43, 0x9e,
  0x2b, 0x38, 0x82, 0x15, 0x1a, 0x3d, 0x0e, 0x0a, 0x23, 0x17, 0x0f, 0x43,
  0x19, 0x11, 0x50, 0x1a, 0x11, 0x50, 0x1a, 0x11, 0x51, 0x18, 0x11, 0x4c,
  0x0c, 0x09, 0x28, 0x08, 0x0b, 0x10, 0x3f, 0x53, 0x5d, 0x6f, 0x94, 0xa3,
  0x6d, 0x92, 0xa0, 0x44, 0x5b, 0x63, 0x32, 0x3e, 0x41, 0x32, 0x3b, 0x4d,
  0x1a, 0x1e, 0x41, 0x1e, 0x24, 0x53, 0x28, 0x30, 0x75, 0x2d, 0x36, 0x84,
  0x2a, 0x32, 0x78, 0x1f, 0x25, 0x56, 0x20, 0x28, 0x42, 0x2a, 0x36, 0x5e,
  0x2e, 0x41, 0x91, 0x33, 0x4b, 0xae, 0x34, 0x4e, 0xb6, 0x35, 0x4e, 0xb7,
  0x35, 0x4e, 0xb6, 0x34, 0x4c, 0xaf, 0x2d, 0x40, 0x93, 0x1f, 0x2a, 0x60,
  0x1a, 0x20, 0x49, 0x23, 0x2a, 0x63, 0x2c, 0x35, 0x7f, 0x2f, 0x38, 0x86,
  0x2f, 0x38, 0x87, 0x2f, 0x38, 0x88, 0x2e, 0x38, 0x88, 0x2d, 0x37, 0x86,
  0x29, 0x32, 0x78, 0x1c, 0x21, 0x4e, 0x0c, 0x0d, 0x20, 0x0b, 0x07, 0x1d,
  0x17, 0x0f, 0x42, 0x25, 0x19, 0x61, 0x2b, 0x1e, 0x6b, 0x2d, 0x1f, 0x6c,
  0x2d, 0x1f, 0x6c, 0x2a, 0x1d, 0x65, 0x22, 0x17, 0x50, 0x1c, 0x13, 0x46,
  0x20, 0x17, 0x5b, 0x3d, 0x30, 0x95, 0x5b, 0x4c, 0xd0, 0x63, 0x54, 0xe0,
  0x63, 0x53, 0xe0, 0x5f, 0x4f, 0xd8, 0x44, 0x39, 0x91, 0x54, 0x50, 0x66,
  0xbd, 0xbd, 0xbd, 0x00, 0x00, 0x00, 0xff, 0xff, 0xff, 0xff, 0xff, 0xff,
  0xc7, 0xc7, 0xc7, 0x54, 0x53, 0x5a, 0x19, 0x16, 0x28, 0x16, 0x13, 0x26,
  0x13, 0x12, 0x21, 0x17, 0x19, 0x28, 0x29, 0x33, 0x47, 0x39, 0x48, 0x70,
  0x3a, 0x4b, 0x8d, 0x37, 0x48, 0x9b, 0x35, 0x44, 0x9f, 0x34, 0x43, 0x9e,
  0x34, 0x43, 0x9e, 0x34, 0x43, 0xa0, 0x35, 0x44, 0xa1, 0x35, 0x44, 0xa0,
  0x35, 0x44, 0xa0, 0x34, 0x43, 0x9e, 0x34, 0x43, 0x9d, 0x34, 0x43, 0x9f,
  0x34, 0x44, 0xa0, 0x30, 0x40, 0x94, 0x2d, 0x3b, 0x87, 0x31, 0x3f, 0x93,
  0x34, 0x44, 0xa0, 0x35, 0x44, 0xa1, 0x35, 0x44, 0xa1, 0x35, 0x44, 0xa1,
  0x35, 0x44, 0xa1, 0x35, 0x44, 0xa1, 0x35, 0x44, 0xa1, 0x34, 0x44, 0xa0,
  0x2d, 0x3b, 0x8b, 0x17, 0x1d, 0x46, 0x0d, 0x0a, 0x23, 0x16, 0x0f, 0x41,
  0x1a, 0x12, 0x52, 0x1a, 0x12, 0x52, 0x1b, 0x12, 0x52, 0x18, 0x11, 0x4d,
  0x0d, 0x0a, 0x2a, 0x11, 0x16, 0x1d, 0x47, 0x5e, 0x68, 0x6f, 0x94, 0xa3,
  0x6d, 0x91, 0xa0, 0x38, 0x4b, 0x52, 0x33, 0x3d, 0x3d, 0x44, 0x51, 0x65,
  0x28, 0x30, 0x59, 0x1d, 0x22, 0x45, 0x1e, 0x24, 0x56, 0x27, 0x2f, 0x70,
  0x1e, 0x22, 0x4b, 0x10, 0x13, 0x23, 0x33, 0x3f, 0x43, 0x53, 0x6a, 0x8d,
  0x3f, 0x59, 0xae, 0x36, 0x4f, 0xb5, 0x33, 0x4d, 0xb1, 0x30, 0x47, 0xa3,
  0x2c, 0x3f, 0x94, 0x29, 0x38, 0x82, 0x1f, 0x29, 0x5f, 0x17, 0x1c, 0x42,
  0x1e, 0x22, 0x4f, 0x28, 0x2f, 0x70, 0x2d, 0x36, 0x83, 0x2e, 0x38, 0x87,
  0x2e, 0x38, 0x87, 0x2f, 0x38, 0x87, 0x2e, 0x38, 0x87, 0x2a, 0x34, 0x7e,
  0x1f, 0x27, 0x5d, 0x14, 0x18, 0x3a, 0x10, 0x12, 0x2c, 0x0e, 0x0d, 0x26,
  0x13, 0x0d, 0x33, 0x1f, 0x14, 0x50, 0x27, 0x1a, 0x5e, 0x29, 0x1c, 0x60,
  0x28, 0x1c, 0x5f, 0x27, 0x1a, 0x5b, 0x22, 0x17, 0x4d, 0x19, 0x12, 0x3d,
  0x21, 0x16, 0x56, 0x43, 0x30, 0x9e, 0x5a, 0x43, 0xca, 0x5a, 0x44, 0xcc,
  0x5a, 0x42, 0xcc, 0x55, 0x3f, 0xc2, 0x38, 0x2b, 0x77, 0x4c, 0x4a, 0x58,
  0xbd, 0xbd, 0xbd, 0x00, 0x00, 0x00, 0xff, 0xff, 0xff, 0xff, 0xff, 0xff,
  0xc7, 0xc7, 0xc7, 0x55, 0x52, 0x5d, 0x1a, 0x12, 0x2f, 0x13, 0x0a, 0x2e,
  0x0d, 0x05, 0x26, 0x0c, 0x06, 0x22, 0x11, 0x0f, 0x24, 0x1e, 0x23, 0x37,
  0x2f, 0x3a, 0x5b, 0x33, 0x40, 0x79, 0x30, 0x3e, 0x8b, 0x32, 0x40, 0x98,
  0x34, 0x43, 0x9f, 0x35, 0x44, 0xa1, 0x35, 0x44, 0xa0, 0x34, 0x44, 0xa0,
  0x33, 0x42, 0x9c, 0x32, 0x40, 0x96, 0x32, 0x41, 0x98, 0x34, 0x43, 0x9e,
  0x34, 0x44, 0xa0, 0x2f, 0x3e, 0x90, 0x2a, 0x36, 0x7c, 0x2e, 0x3b, 0x88,
  0x34, 0x42, 0x9d, 0x35, 0x44, 0xa1, 0x35, 0x44, 0xa1, 0x35, 0x44, 0xa1,
  0x35, 0x44, 0xa1, 0x35, 0x44, 0xa1, 0x35, 0x44, 0xa1, 0x34, 0x44, 0xa0,
  0x2d, 0x3b, 0x8c, 0x17, 0x1d, 0x47, 0x0d, 0x0a, 0x25, 0x16, 0x0f, 0x42,
  0x1b, 0x12, 0x52, 0x1b, 0x12, 0x52, 0x1b, 0x12, 0x52, 0x18, 0x10, 0x4d,
  0x0f, 0x0c, 0x2c, 0x23, 0x2c, 0x34, 0x57, 0x72, 0x7c, 0x6e, 0x94, 0xa3,
  0x6d, 0x92, 0xa0, 0x43, 0x58, 0x61, 0x1f, 0x28, 0x29, 0x33, 0x3f, 0x4b,
  0x3e, 0x4b, 0x6e, 0x2a, 0x32, 0x54, 0x1d, 0x22, 0x49, 0x1c, 0x22, 0x47,
  0x22, 0x2a, 0x39, 0x20, 0x29, 0x2e, 0x35, 0x42, 0x41, 0x5c, 0x75, 0x85,
  0x4e, 0x69, 0xa6, 0x33, 0x4a, 0x9f, 0x29, 0x3b, 0x86, 0x21, 0x2e, 0x68,
  0x1a, 0x22, 0x50, 0x19, 0x20, 0x4d, 0x1e, 0x25, 0x59, 0x24, 0x2c, 0x68,
  0x2a, 0x33, 0x77, 0x2d, 0x36, 0x82, 0x2e, 0x37, 0x86, 0x2d, 0x37, 0x85,
  0x2d, 0x36, 0x83, 0x2d, 0x36, 0x85, 0x2c, 0x35, 0x81, 0x23, 0x2a, 0x66,
  0x18, 0x1d, 0x46, 0x19, 0x20, 0x4c, 0x1f, 0x27, 0x5b, 0x16, 0x1a, 0x3f,
  0x0e, 0x0b, 0x24, 0x15, 0x0b, 0x31, 0x1f, 0x12, 0x44, 0x23, 0x15, 0x49,
  0x23, 0x15, 0x48, 0x23, 0x15, 0x46, 0x1f, 0x14, 0x40, 0x1a, 0x11, 0x38,
  0x28, 0x1a, 0x5f, 0x46, 0x2c, 0xa2, 0x53, 0x35, 0xbc, 0x53, 0x36, 0xbc,
  0x53, 0x35, 0xbb, 0x4e, 0x33, 0xaf, 0x2d, 0x20, 0x61, 0x46, 0x45, 0x4c,
  0xbd, 0xbd, 0xbd, 0x00, 0x00, 0x00, 0xff, 0xff, 0xff, 0xff, 0xff, 0xff,
  0xc7, 0xc7, 0xc7, 0x54, 0x52, 0x5b, 0x19, 0x12, 0x2e, 0x14, 0x0c, 0x32,
  0x10, 0x09, 0x32, 0x11, 0x09, 0x35, 0x12, 0x0a, 0x35, 0x14, 0x0f, 0x34,
  0x16, 0x15, 0x2f, 0x19, 0x1d, 0x39, 0x24, 0x2d, 0x66, 0x30, 0x3e, 0x91,
  0x34, 0x43, 0x9f, 0x35, 0x44, 0xa1, 0x35, 0x44, 0xa0, 0x33, 0x41, 0x99,
  0x2e, 0x3c, 0x8c, 0x2e, 0x3c, 0x8b, 0x32, 0x40, 0x98, 0x34, 0x43, 0x9f,
  0x34, 0x44, 0xa0, 0x32, 0x41, 0x97, 0x2d, 0x38, 0x80, 0x2b, 0x35, 0x7a,
  0x30, 0x3e, 0x91, 0x34, 0x44, 0xa0, 0x35, 0x44, 0xa1, 0x35, 0x44, 0xa1,
  0x35, 0x44, 0xa1, 0x35, 0x44, 0xa1, 0x35, 0x44, 0xa1, 0x34, 0x44, 0xa0,
  0x2d, 0x3b, 0x8b, 0x16, 0x1d, 0x45, 0x0d, 0x0a, 0x25, 0x17, 0x10, 0x43,
  0x1b, 0x12, 0x52, 0x1b, 0x12, 0x52, 0x1b, 0x12, 0x52, 0x18, 0x10, 0x4d,
  0x11, 0x0e, 0x2e, 0x33, 0x41, 0x49, 0x64, 0x84, 0x90, 0x6e, 0x94, 0xa3,
  0x6e, 0x93, 0xa2, 0x62, 0x81, 0x8e, 0x39, 0x49, 0x50, 0x27, 0x31, 0x33,
  0x3c, 0x48, 0x54, 0x37, 0x42, 0x58, 0x22, 0x2a, 0x3f, 0x2a, 0x35, 0x43,
  0x4a, 0x61, 0x6c, 0x51, 0x68, 0x72, 0x34, 0x42, 0x46, 0x3f, 0x4f, 0x52,
  0x46, 0x59, 0x76, 0x27, 0x32, 0x64, 0x19, 0x21, 0x4c, 0x1a, 0x21, 0x4b,
  0x20, 0x27, 0x5c, 0x26, 0x2d, 0x6f, 0x2a, 0x33, 0x7c, 0x2d, 0x36, 0x83,
  0x2e, 0x38, 0x86, 0x2f, 0x38, 0x87, 0x2d, 0x37, 0x85, 0x2b, 0x35, 0x80,
  0x2a, 0x32, 0x78, 0x29, 0x31, 0x76, 0x24, 0x2d, 0x6a, 0x1b, 0x22, 0x4f,
  0x1d, 0x27, 0x58, 0x29, 0x37, 0x81, 0x2b, 0x39, 0x89, 0x1f, 0x27, 0x60,
  0x10, 0x10, 0x2c, 0x0e, 0x07, 0x20, 0x1a, 0x0f, 0x35, 0x21, 0x13, 0x40,
  0x22, 0x14, 0x41, 0x22, 0x14, 0x41, 0x20, 0x14, 0x3f, 0x22, 0x17, 0x46,
  0x37, 0x24, 0x78, 0x4d, 0x30, 0xad, 0x52, 0x32, 0xb9, 0x52, 0x33, 0xb9,
  0x51, 0x33, 0xb7, 0x4a, 0x30, 0xa7, 0x2a, 0x1f, 0x58, 0x46, 0x46, 0x49,
  0xbd, 0xbd, 0xbd, 0x00, 0x00, 0x00, 0xff, 0xff, 0xff, 0xff, 0xff, 0xff,
  0xc7, 0xc7, 0xc7, 0x51, 0x52, 0x58, 0x13, 0x12, 0x27, 0x11, 0x10, 0x2f,
  0x11, 0x0f, 0x33, 0x12, 0x0e, 0x35, 0x13, 0x0f, 0x38, 0x13, 0x10, 0x37,
  0x0f, 0x0e, 0x2a, 0x15, 0x19, 0x3c, 0x27, 0x32, 0x75, 0x32, 0x40, 0x98,
  0x34, 0x43, 0xa0, 0x35, 0x44, 0xa0, 0x33, 0x41, 0x98, 0x2d, 0x39, 0x84,
  0x2a, 0x36, 0x7d, 0x2f, 0x3e, 0x90, 0x33, 0x43, 0x9e, 0x34, 0x44, 0xa0,
  0x34, 0x44, 0xa1, 0x34, 0x43, 0x9e, 0x2b, 0x38, 0x83, 0x23, 0x2c, 0x67,
  0x2a, 0x36, 0x80, 0x33, 0x42, 0x9d, 0x34, 0x44, 0xa0, 0x34, 0x44, 0xa1,
  0x34, 0x44, 0xa1, 0x35, 0x44, 0xa1, 0x34, 0x43, 0xa0, 0x34, 0x43, 0xa0,
  0x2d, 0x3b, 0x89, 0x16, 0x1c, 0x42, 0x0e, 0x0b, 0x26, 0x18, 0x11, 0x46,
  0x1b, 0x12, 0x52, 0x1b, 0x12, 0x52, 0x1b, 0x12, 0x51, 0x18, 0x11, 0x4c,
  0x12, 0x10, 0x2f, 0x3a, 0x4c, 0x55, 0x69, 0x8e, 0x9b, 0x6e, 0x94, 0xa3,
  0x6f, 0x94, 0xa2, 0x6e, 0x92, 0xa1, 0x61, 0x80, 0x8d, 0x48, 0x5d, 0x65,
  0x32, 0x40, 0x45, 0x27, 0x32, 0x3a, 0x30, 0x3c, 0x45, 0x44, 0x58, 0x61,
  0x55, 0x6e, 0x79, 0x57, 0x6f, 0x7a, 0x33, 0x40, 0x47, 0x1b, 0x21, 0x27,
  0x22, 0x29, 0x40, 0x21, 0x28, 0x56, 0x25, 0x2c, 0x69, 0x29, 0x31, 0x76,
  0x2c, 0x34, 0x7f, 0x2e, 0x37, 0x85, 0x2e, 0x37, 0x87, 0x2f, 0x38, 0x88,
  0x2f, 0x38, 0x88, 0x2f, 0x38, 0x87, 0x2c, 0x35, 0x7f, 0x29, 0x32, 0x76,
  0x25, 0x2d, 0x69, 0x1f, 0x26, 0x58, 0x1b, 0x21, 0x4c, 0x1c, 0x25, 0x53,
  0x28, 0x38, 0x7f, 0x32, 0x47, 0xa5, 0x31, 0x43, 0x9e, 0x27, 0x32, 0x77,
  0x17, 0x1a, 0x3f, 0x0d, 0x0c, 0x21, 0x13, 0x0d, 0x27, 0x1b, 0x10, 0x35,
  0x20, 0x13, 0x3e, 0x22, 0x14, 0x41, 0x25, 0x18, 0x49, 0x2f, 0x22, 0x62,
  0x3e, 0x2b, 0x89, 0x4c, 0x30, 0xab, 0x52, 0x33, 0xb9, 0x52, 0x33, 0xb9,
  0x51, 0x32, 0xb6, 0x47, 0x2e, 0x9e, 0x2f, 0x29, 0x5a, 0x4d, 0x51, 0x53,
  0xbd, 0xbd, 0xbd, 0x00, 0x00, 0x00, 0xff, 0xff, 0xff, 0xff, 0xff, 0xff,
  0xc7, 0xc7, 0xc7, 0x57, 0x5a, 0x6a, 0x20, 0x29, 0x57, 0x22, 0x2b, 0x65,
  0x20, 0x26, 0x5b, 0x1c, 0x21, 0x51, 0x1c, 0x22, 0x51, 0x1e, 0x24, 0x54,
  0x1d, 0x23, 0x50, 0x23, 0x2d, 0x68, 0x30, 0x3d, 0x90, 0x34, 0x43, 0x9f,
  0x34, 0x43, 0xa0, 0x32, 0x41, 0x9b, 0x2b, 0x38, 0x82, 0x27, 0x32, 0x73,
  0x2d, 0x3a, 0x86, 0x33, 0x42, 0x9b, 0x34, 0x44, 0xa0, 0x35, 0x44, 0xa1,
  0x35, 0x44, 0xa1, 0x34, 0x44, 0xa0, 0x2d, 0x3b, 0x8c, 0x23, 0x2d, 0x6c,
  0x27, 0x31, 0x74, 0x31, 0x3e, 0x94, 0x34, 0x43, 0xa0, 0x33, 0x44, 0xa1,
  0x34, 0x44, 0xa1, 0x35, 0x44, 0xa1, 0x34, 0x43, 0xa0, 0x34, 0x43, 0x9d,
  0x2c, 0x38, 0x80, 0x15, 0x19, 0x3c, 0x0e, 0x0a, 0x2a, 0x18, 0x10, 0x49,
  0x19, 0x10, 0x4d, 0x19, 0x10, 0x4c, 0x18, 0x0f, 0x4b, 0x16, 0x0e, 0x45,
  0x11, 0x0f, 0x2b, 0x3c, 0x4e, 0x57, 0x6b, 0x90, 0x9d, 0x6e, 0x94, 0xa3,
  0x6f, 0x94, 0xa3, 0x6f, 0x94, 0xa3, 0x6e, 0x92, 0xa0, 0x66, 0x87, 0x93,
  0x53, 0x6f, 0x78, 0x3c, 0x50, 0x58, 0x2c, 0x38, 0x43, 0x25, 0x2e, 0x3d,
  0x21, 0x2a, 0x3d, 0x20, 0x29, 0x3d, 0x19, 0x1f, 0x34, 0x18, 0x1c, 0x3a,
  0x23, 0x29, 0x5c, 0x2a, 0x33, 0x78, 0x2e, 0x37, 0x84, 0x2f, 0x38, 0x87,
  0x2f, 0x38, 0x87, 0x2f, 0x38, 0x87, 0x2f, 0x38, 0x87, 0x2f, 0x38, 0x88,
  0x2f, 0x38, 0x88, 0x2f, 0x38, 0x87, 0x2d, 0x35, 0x80, 0x28, 0x2e, 0x6c,
  0x23, 0x28, 0x5a, 0x1c, 0x20, 0x49, 0x1b, 0x22, 0x4e, 0x26, 0x35, 0x7a,
  0x30, 0x45, 0xa0, 0x33, 0x4b, 0xaf, 0x32, 0x47, 0xa5, 0x28, 0x36, 0x7c,
  0x1d, 0x23, 0x53, 0x18, 0x1c, 0x44, 0x12, 0x13, 0x31, 0x10, 0x0d, 0x23,
  0x18, 0x10, 0x30, 0x21, 0x17, 0x43, 0x2e, 0x22, 0x61, 0x3e, 0x30, 0x85,
  0x43, 0x32, 0x95, 0x49, 0x30, 0xa7, 0x51, 0x33, 0xb9, 0x52, 0x33, 0xb9,
  0x50, 0x32, 0xb4, 0x41, 0x2c, 0x91, 0x33, 0x37, 0x5e, 0x57, 0x61, 0x62,
  0xbd, 0xbd, 0xbd, 0x00, 0x00, 0x00, 0xff, 0xff, 0xff, 0xff, 0xff, 0xff,
  0xc7, 0xc7, 0xc7, 0x59, 0x5e, 0x74, 0x29, 0x35, 0x75, 0x2f, 0x3f, 0x93,
  0x30, 0x3e, 0x92, 0x2f, 0x3c, 0x8e, 0x2e, 0x3d, 0x8f, 0x2c, 0x39, 0x85,
  0x2b, 0x37, 0x7e, 0x2f, 0x3d, 0x8e, 0x33, 0x42, 0x9d, 0x35, 0x44, 0xa0,
  0x34, 0x43, 0x9e, 0x2d, 0x3a, 0x87, 0x26, 0x31, 0x71, 0x2a, 0x36, 0x7e,
  0x31, 0x40, 0x96, 0x34, 0x43, 0x9f, 0x35, 0x44, 0xa1, 0x35, 0x44, 0xa1,
  0x35, 0x44, 0xa1, 0x34, 0x44, 0xa1, 0x33, 0x42, 0x9b, 0x2c, 0x38, 0x83,
  0x26, 0x30, 0x72, 0x2d, 0x38, 0x87, 0x34, 0x42, 0x9d, 0x33, 0x44, 0xa0,
  0x34, 0x44, 0xa0, 0x35, 0x44, 0xa1, 0x35, 0x44, 0xa1, 0x31, 0x3f, 0x95,
  0x22, 0x2c, 0x64, 0x0f, 0x10, 0x29, 0x0d, 0x07, 0x29, 0x13, 0x0b, 0x3e,
  0x12, 0x0a, 0x3b, 0x12, 0x08, 0x37, 0x10, 0x07, 0x34, 0x0e, 0x06, 0x2e,
  0x0d, 0x0a, 0x1f, 0x3c, 0x4f, 0x57, 0x6c, 0x92, 0x9f, 0x6e, 0x94, 0xa3,
  0x6f, 0x94, 0xa3, 0x6e, 0x94, 0xa3, 0x69, 0x8d, 0x9b, 0x5b, 0x79, 0x85,
  0x3c, 0x4e, 0x5a, 0x20, 0x29, 0x3c, 0x1f, 0x26, 0x49, 0x24, 0x2b, 0x5f,
  0x27, 0x2e, 0x6b, 0x27, 0x2f, 0x6e, 0x27, 0x2f, 0x70, 0x29, 0x31, 0x76,
  0x2c, 0x35, 0x80, 0x2e, 0x37, 0x86, 0x2f, 0x38, 0x88, 0x2f, 0x38, 0x88,
  0x2f, 0x38, 0x88, 0x2f, 0x38, 0x88, 0x2f, 0x38, 0x88, 0x2f, 0x38, 0x88,
  0x2f, 0x38, 0x88, 0x2f, 0x38, 0x88, 0x2e, 0x37, 0x85, 0x26, 0x2b, 0x69,
  0x1b, 0x1e, 0x46, 0x1a, 0x1f, 0x45, 0x22, 0x2d, 0x67, 0x2e, 0x42, 0x9a,
  0x34, 0x4c, 0xb2, 0x34, 0x4d, 0xb4, 0x32, 0x48, 0xa8, 0x2b, 0x3b, 0x89,
  0x28, 0x33, 0x79, 0x29, 0x31, 0x78, 0x22, 0x28, 0x63, 0x16, 0x19, 0x3d,
  0x11, 0x0f, 0x28, 0x1e, 0x18, 0x40, 0x37, 0x2d, 0x78, 0x46, 0x3a, 0x9b,
  0x48, 0x38, 0x9f, 0x4c, 0x33, 0xab, 0x51, 0x33, 0xb9, 0x52, 0x33, 0xb9,
  0x4f, 0x31, 0xb2, 0x3b, 0x2b, 0x82, 0x39, 0x48, 0x66, 0x61, 0x73, 0x77,
  0xbd, 0xbd, 0xbd, 0x00, 0x00, 0x00, 0xff, 0xff, 0xff, 0xff, 0xff, 0xff,
  0xc7, 0xc7, 0xc7, 0x5a, 0x5e, 0x75, 0x2c, 0x37, 0x7a, 0x33, 0x42, 0x9c,
  0x34, 0x43, 0xa0, 0x34, 0x43, 0xa0, 0x34, 0x44, 0xa0, 0x32, 0x41, 0x9a,
  0x32, 0x40, 0x97, 0x33, 0x42, 0x9c, 0x34, 0x43, 0xa0, 0x35, 0x45, 0xa0,
  0x34, 0x42, 0x90, 0x2c, 0x37, 0x73, 0x29, 0x34, 0x74, 0x2f, 0x3d, 0x90,
  0x33, 0x43, 0x9f, 0x35, 0x44, 0xa0, 0x35, 0x44, 0xa1, 0x35, 0x44, 0xa1,
  0x35, 0x44, 0xa1, 0x35, 0x44, 0xa1, 0x34, 0x44, 0xa0, 0x31, 0x40, 0x98,
  0x2d, 0x3a, 0x88, 0x2e, 0x39, 0x85, 0x31, 0x3f, 0x94, 0x33, 0x43, 0x9e,
  0x34, 0x44, 0xa0, 0x35, 0x44, 0xa1, 0x34, 0x43, 0xa0, 0x2d, 0x3a, 0x8a,
  0x19, 0x1e, 0x49, 0x0b, 0x09, 0x1c, 0x0d, 0x07, 0x23, 0x0d, 0x05, 0x2b,
  0x0d, 0x05, 0x29, 0x0d, 0x04, 0x28, 0x0c, 0x04, 0x28, 0x0a, 0x03, 0x25,
  0x0b, 0x09, 0x1b, 0x3b, 0x50, 0x58, 0x6c, 0x92, 0xa0, 0x6e, 0x94, 0xa3,
  0x6f, 0x94, 0xa3, 0x6d, 0x94, 0xa2, 0x52, 0x6e, 0x79, 0x35, 0x42, 0x4e,
  0x29, 0x32, 0x51, 0x22, 0x28, 0x5a, 0x27, 0x2d, 0x6f, 0x2c, 0x34, 0x83,
  0x2f, 0x38, 0x87, 0x2f, 0x39, 0x87, 0x2f, 0x38, 0x87, 0x2f, 0x38, 0x87,
  0x2e, 0x37, 0x87, 0x2e, 0x38, 0x87, 0x2f, 0x38, 0x88, 0x2f, 0x38, 0x88,
  0x2f, 0x38, 0x88, 0x2f, 0x38, 0x88, 0x2e, 0x38, 0x88, 0x2d, 0x37, 0x86,
  0x2c, 0x35, 0x83, 0x2a, 0x33, 0x7f, 0x29, 0x31, 0x7a, 0x23, 0x28, 0x62,
  0x17, 0x1a, 0x3d, 0x1a, 0x22, 0x4c, 0x2a, 0x3c, 0x88, 0x33, 0x4c, 0xaf,
  0x34, 0x4e, 0xb6, 0x35, 0x4e, 0xb5, 0x34, 0x4b, 0xae, 0x32, 0x47, 0xa4,
  0x30, 0x41, 0x9a, 0x2f, 0x3b, 0x8e, 0x2c, 0x36, 0x82, 0x25, 0x2e, 0x6c,
  0x19, 0x1d, 0x44, 0x14, 0x13, 0x30, 0x2a, 0x24, 0x5a, 0x43, 0x38, 0x92,
  0x4c, 0x3c, 0xa7, 0x4f, 0x36, 0xb2, 0x51, 0x33, 0xb8, 0x52, 0x33, 0xb8,
  0x4d, 0x32, 0xaf, 0x38, 0x30, 0x78, 0x3e, 0x5c, 0x6f, 0x68, 0x82, 0x87,
  0xbd, 0xbd, 0xbd, 0x00, 0x00, 0x00, 0xff, 0xff, 0xff, 0xff, 0xff, 0xff,
  0xc7, 0xc7, 0xc7, 0x5b, 0x5e, 0x75, 0x2c, 0x37, 0x79, 0x33, 0x42, 0x9c,
  0x34, 0x44, 0xa0, 0x34, 0x44, 0xa0, 0x34, 0x44, 0xa0, 0x33, 0x43, 0x9e,
  0x33, 0x42, 0x9d, 0x34, 0x43, 0x9f, 0x35, 0x44, 0x9f, 0x39, 0x48, 0x9c,
  0x34, 0x42, 0x7d, 0x2b, 0x36, 0x6a, 0x2e, 0x3b, 0x86, 0x32, 0x42, 0x9c,
  0x33, 0x44, 0xa0, 0x34, 0x44, 0xa0, 0x35, 0x44, 0xa0, 0x35, 0x44, 0xa0,
  0x35, 0x43, 0xa0, 0x34, 0x43, 0xa0, 0x33, 0x44, 0xa0, 0x33, 0x43, 0x9f,
  0x31, 0x41, 0x98, 0x2f, 0x3d, 0x8e, 0x2f, 0x3d, 0x8d, 0x32, 0x41, 0x98,
  0x34, 0x44, 0x9f, 0x35, 0x44, 0xa0, 0x33, 0x41, 0x98, 0x27, 0x31, 0x73,
  0x14, 0x16, 0x35, 0x11, 0x0b, 0x23, 0x12, 0x09, 0x2b, 0x0c, 0x03, 0x26,
  0x0c, 0x03, 0x26, 0x0d, 0x04, 0x26, 0x0c, 0x04, 0x26, 0x0a, 0x03, 0x24,
  0x0b, 0x09, 0x1b, 0x3c, 0x51, 0x59, 0x6d, 0x92, 0xa1, 0x6e, 0x94, 0xa3,
  0x6f, 0x94, 0xa3, 0x6d, 0x93, 0xa2, 0x3c, 0x50, 0x59, 0x1e, 0x26, 0x3f,
  0x25, 0x2e, 0x59, 0x1b, 0x1e, 0x47, 0x24, 0x29, 0x66, 0x2c, 0x36, 0x85,
  0x2f, 0x38, 0x88, 0x2f, 0x38, 0x88, 0x2f, 0x38, 0x88, 0x2f, 0x38, 0x88,
  0x2e, 0x38, 0x88, 0x2e, 0x37, 0x87, 0x2e, 0x37, 0x88, 0x2e, 0x38, 0x87,
  0x2d, 0x38, 0x86, 0x2d, 0x37, 0x84, 0x2b, 0x35, 0x80, 0x28, 0x30, 0x74,
  0x22, 0x28, 0x62, 0x1d, 0x22, 0x54, 0x19, 0x1e, 0x4a, 0x16, 0x1a, 0x3e,
  0x18, 0x1e, 0x45, 0x25, 0x32, 0x74, 0x31, 0x47, 0xa4, 0x34, 0x4e, 0xb5,
  0x35, 0x4f, 0xb7, 0x35, 0x4e, 0xb5, 0x35, 0x4d, 0xb3, 0x34, 0x4d, 0xb2,
  0x33, 0x49, 0xac, 0x30, 0x41, 0x9c, 0x2e, 0x3a, 0x8d, 0x2c, 0x35, 0x82,
  0x23, 0x2a, 0x63, 0x13, 0x16, 0x35, 0x15, 0x13, 0x30, 0x2f, 0x28, 0x67,
  0x47, 0x38, 0x9a, 0x4f, 0x36, 0xaf, 0x51, 0x33, 0xb6, 0x51, 0x32, 0xb6,
  0x49, 0x32, 0xa3, 0x3b, 0x41, 0x77, 0x46, 0x70, 0x7c, 0x6a, 0x85, 0x8b,
  0xbd, 0xbd, 0xbd, 0x00, 0x00, 0x00, 0xff, 0xff, 0xff, 0xff, 0xff, 0xff,
  0xc7, 0xc7, 0xc7, 0x5b, 0x5e, 0x70, 0x30, 0x3c, 0x70, 0x3b, 0x4d, 0x94,
  0x3d, 0x51, 0x9b, 0x3d, 0x50, 0x9d, 0x3c, 0x4e, 0x9e, 0x37, 0x46, 0x98,
  0x33, 0x41, 0x96, 0x34, 0x42, 0x9d, 0x36, 0x45, 0x9e, 0x3b, 0x4b, 0x8e,
  0x38, 0x46, 0x77, 0x30, 0x3d, 0x7e, 0x32, 0x40, 0x96, 0x33, 0x43, 0x9e,
  0x32, 0x42, 0x9b, 0x31, 0x41, 0x98, 0x32, 0x41, 0x98, 0x32, 0x41, 0x98,
  0x32, 0x40, 0x97, 0x32, 0x40, 0x95, 0x32, 0x40, 0x94, 0x31, 0x3f, 0x94,
  0x30, 0x3f, 0x93, 0x30, 0x3f, 0x91, 0x31, 0x3f, 0x91, 0x32, 0x40, 0x95,
  0x33, 0x42, 0x9c, 0x34, 0x42, 0x9b, 0x2c, 0x38, 0x80, 0x1a, 0x1e, 0x47,
  0x13, 0x0f, 0x29, 0x19, 0x10, 0x32, 0x14, 0x0a, 0x2f, 0x0c, 0x03, 0x26,
  0x0c, 0x03, 0x26, 0x0d, 0x04, 0x27, 0x0c, 0x04, 0x27, 0x0b, 0x03, 0x24,
  0x0b, 0x0a, 0x1b, 0x3c, 0x51, 0x5a, 0x6d, 0x93, 0xa2, 0x6e, 0x94, 0xa3,
  0x6e, 0x94, 0xa2, 0x6b, 0x8f, 0x9d, 0x34, 0x47, 0x4e, 0x20, 0x28, 0x42,
  0x2b, 0x33, 0x5c, 0x1e, 0x20, 0x4a, 0x2a, 0x30, 0x6c, 0x2e, 0x38, 0x80,
  0x2e, 0x38, 0x86, 0x2e, 0x38, 0x88, 0x2e, 0x38, 0x88, 0x2e, 0x38, 0x88,
  0x2d, 0x37, 0x84, 0x2a, 0x34, 0x7d, 0x29, 0x31, 0x7a, 0x28, 0x32, 0x7a,
  0x29, 0x34, 0x78, 0x27, 0x32, 0x71, 0x21, 0x29, 0x60, 0x18, 0x1e, 0x48,
  0x16, 0x1c, 0x41, 0x1e, 0x27, 0x5a, 0x25, 0x33, 0x74, 0x29, 0x38, 0x81,
  0x2d, 0x40, 0x92, 0x32, 0x48, 0xa8, 0x34, 0x4d, 0xb4, 0x34, 0x4f, 0xb6,
  0x35, 0x4f, 0xb7, 0x35, 0x4d, 0xb4, 0x34, 0x4b, 0xae, 0x34, 0x4b, 0xaa,
  0x35, 0x4c, 0xae, 0x32, 0x49, 0xab, 0x2e, 0x40, 0x9a, 0x2c, 0x39, 0x8b,
  0x2b, 0x34, 0x7f, 0x24, 0x2c, 0x68, 0x19, 0x1e, 0x47, 0x16, 0x16, 0x37,
  0x25, 0x1d, 0x50, 0x3c, 0x29, 0x82, 0x4c, 0x32, 0xab, 0x4f, 0x34, 0xb3,
  0x40, 0x32, 0x8d, 0x43, 0x5c, 0x81, 0x55, 0x8c, 0x97, 0x69, 0x85, 0x8b,
  0xbd, 0xbd, 0xbd, 0x00, 0x00, 0x00, 0xff, 0xff, 0xff, 0xff, 0xff, 0xff,
  0xc7, 0xc7, 0xc7, 0x58, 0x5a, 0x5f, 0x35, 0x40, 0x4c, 0x56, 0x6b, 0x79,
  0x65, 0x7e, 0x8b, 0x66, 0x80, 0x90, 0x5e, 0x77, 0x8e, 0x4d, 0x60, 0x83,
  0x3d, 0x4d, 0x89, 0x38, 0x48, 0x9a, 0x3e, 0x50, 0x9d, 0x41, 0x52, 0x88,
  0x38, 0x46, 0x7e, 0x34, 0x41, 0x92, 0x34, 0x42, 0x9d, 0x33, 0x40, 0x96,
  0x2d, 0x39, 0x86, 0x29, 0x33, 0x78, 0x29, 0x34, 0x76, 0x29, 0x34, 0x76,
  0x28, 0x32, 0x73, 0x27, 0x30, 0x6e, 0x25, 0x2d, 0x66, 0x23, 0x2b, 0x62,
  0x22, 0x2a, 0x64, 0x26, 0x30, 0x71, 0x2f, 0x3b, 0x88, 0x34, 0x42, 0x98,
  0x33, 0x42, 0x99, 0x2d, 0x38, 0x81, 0x1c, 0x20, 0x4c, 0x14, 0x10, 0x2b,
  0x1b, 0x11, 0x34, 0x1e, 0x12, 0x3c, 0x14, 0x09, 0x30, 0x0c, 0x03, 0x26,
  0x0d, 0x04, 0x27, 0x0d, 0x04, 0x27, 0x0d, 0x04, 0x27, 0x0b, 0x03, 0x24,
  0x0b, 0x09, 0x1a, 0x3b, 0x4f, 0x58, 0x69, 0x8d, 0x9b, 0x67, 0x8a, 0x99,
  0x67, 0x87, 0x98, 0x58, 0x72, 0x83, 0x27, 0x33, 0x40, 0x32, 0x39, 0x46,
  0x44, 0x4e, 0x6c, 0x34, 0x3b, 0x6d, 0x38, 0x40, 0x79, 0x2f, 0x37, 0x71,
  0x2b, 0x33, 0x78, 0x2b, 0x35, 0x80, 0x2b, 0x35, 0x81, 0x29, 0x33, 0x7d,
  0x23, 0x29, 0x66, 0x1a, 0x1e, 0x46, 0x14, 0x17, 0x34, 0x15, 0x1a, 0x34,
  0x1d, 0x25, 0x46, 0x21, 0x2b, 0x5a, 0x24, 0x30, 0x6c, 0x27, 0x37, 0x7e,
  0x2b, 0x3e, 0x8f, 0x2f, 0x45, 0x9f, 0x32, 0x4a, 0xaa, 0x34, 0x4c, 0xaf,
  0x35, 0x4d, 0xb4, 0x35, 0x4e, 0xb6, 0x35, 0x4f, 0xb7, 0x35, 0x4f, 0xb7,
  0x35, 0x4f, 0xb7, 0x35, 0x4e, 0xb4, 0x31, 0x46, 0x9f, 0x2b, 0x3c, 0x88,
  0x2f, 0x44, 0x9c, 0x34, 0x4d, 0xb3, 0x32, 0x48, 0xaa, 0x2e, 0x3e, 0x97,
  0x2d, 0x38, 0x89, 0x2c, 0x36, 0x82, 0x25, 0x2d, 0x6e, 0x1a, 0x1e, 0x49,
  0x12, 0x12, 0x2d, 0x1a, 0x14, 0x3a, 0x3a, 0x2d, 0x7f, 0x4e, 0x3f, 0xa7,
  0x3e, 0x41, 0x7d, 0x53, 0x86, 0x99, 0x67, 0xab, 0xb9, 0x69, 0x85, 0x8b,
  0xbd, 0xbd, 0xbd, 0x00, 0x00, 0x00, 0xff, 0xff, 0xff, 0xff, 0xff, 0xff,
  0xc7, 0xc7, 0xc7, 0x50, 0x51, 0x52, 0x15, 0x17, 0x1c, 0x1c, 0x21, 0x25,
  0x21, 0x27, 0x2a, 0x24, 0x2c, 0x2d, 0x26, 0x2f, 0x31, 0x33, 0x3d, 0x42,
  0x4a, 0x5b, 0x6d, 0x4d, 0x62, 0x91, 0x4b, 0x5f, 0x92, 0x47, 0x5a, 0x8a,
  0x38, 0x48, 0x90, 0x33, 0x42, 0x9b, 0x32, 0x41, 0x99, 0x32, 0x3f, 0x94,
  0x31, 0x3f, 0x92, 0x30, 0x3e, 0x91, 0x30, 0x3e, 0x93, 0x2f, 0x3e, 0x93,
  0x30, 0x3d, 0x92, 0x2f, 0x3d, 0x90, 0x2f, 0x3c, 0x8d, 0x2e, 0x3b, 0x8c,
  0x2e, 0x3b, 0x8c, 0x2f, 0x3b, 0x8e, 0x31, 0x3e, 0x93, 0x32, 0x41, 0x97,
  0x2c, 0x39, 0x83, 0x1b, 0x20, 0x4c, 0x13, 0x0f, 0x2a, 0x1a, 0x10, 0x33,
  0x21, 0x13, 0x3f, 0x1f, 0x12, 0x3d, 0x14, 0x09, 0x30, 0x0c, 0x03, 0x26,
  0x0d, 0x04, 0x27, 0x0d, 0x04, 0x27, 0x0d, 0x04, 0x27, 0x0b, 0x03, 0x23,
  0x0a, 0x08, 0x18, 0x2d, 0x3d, 0x46, 0x46, 0x5c, 0x6d, 0x39, 0x47, 0x62,
  0x31, 0x3e, 0x68, 0x29, 0x35, 0x69, 0x22, 0x2b, 0x64, 0x1f, 0x25, 0x49,
  0x2b, 0x32, 0x44, 0x33, 0x3c, 0x5f, 0x29, 0x30, 0x5b, 0x1b, 0x1f, 0x3e,
  0x18, 0x1b, 0x3f, 0x1d, 0x22, 0x52, 0x1b, 0x22, 0x50, 0x15, 0x1a, 0x3f,
  0x11, 0x14, 0x2a, 0x1e, 0x23, 0x2d, 0x21, 0x27, 0x2b, 0x2c, 0x37, 0x3b,
  0x40, 0x51, 0x69, 0x37, 0x47, 0x7f, 0x30, 0x41, 0x92, 0x32, 0x48, 0xa7,
  0x34, 0x4d, 0xb2, 0x35, 0x4e, 0xb6, 0x35, 0x4e, 0xb6, 0x34, 0x4e, 0xb5,
  0x34, 0x4e, 0xb5, 0x35, 0x4e, 0xb6, 0x35, 0x4f, 0xb7, 0x35, 0x4f, 0xb7,
  0x35, 0x4f, 0xb6, 0x35, 0x4d, 0xb1, 0x2f, 0x42, 0x95, 0x28, 0x35, 0x74,
  0x2f, 0x42, 0x8d, 0x37, 0x50, 0xb1, 0x35, 0x4d, 0xb2, 0x33, 0x46, 0xa5,
  0x30, 0x3c, 0x92, 0x2d, 0x37, 0x88, 0x2c, 0x35, 0x83, 0x29, 0x32, 0x78,
  0x23, 0x2b, 0x66, 0x1b, 0x1f, 0x49, 0x25, 0x23, 0x51, 0x34, 0x37, 0x6b,
  0x4f, 0x74, 0x91, 0x73, 0xc1, 0xd2, 0x6b, 0xb4, 0xc4, 0x69, 0x85, 0x8b,
  0xbd, 0xbd, 0xbd, 0x00, 0x00, 0x00, 0xff, 0xff, 0xff, 0xff, 0xff, 0xff,
  0xc7, 0xc7, 0xc7, 0x54, 0x51, 0x59, 0x19, 0x12, 0x2a, 0x1a, 0x11, 0x30,
  0x17, 0x0f, 0x2e, 0x10, 0x0a, 0x25, 0x0b, 0x08, 0x1c, 0x0e, 0x0e, 0x19,
  0x1f, 0x24, 0x29, 0x43, 0x54, 0x5b, 0x62, 0x7a, 0x82, 0x59, 0x6f, 0x8d,
  0x41, 0x53, 0x9a, 0x36, 0x45, 0x9f, 0x34, 0x43, 0x9e, 0x34, 0x42, 0x9d,
  0x34, 0x43, 0x9e, 0x34, 0x43, 0xa0, 0x34, 0x43, 0xa0, 0x33, 0x43, 0xa0,
  0x33, 0x43, 0xa0, 0x34, 0x43, 0x9f, 0x34, 0x43, 0x9f, 0x34, 0x43, 0xa0,
  0x34, 0x43, 0xa0, 0x34, 0x43, 0x9f, 0x33, 0x42, 0x9d, 0x2d, 0x3b, 0x8c,
  0x1c, 0x24, 0x55, 0x0f, 0x0e, 0x26, 0x16, 0x0e, 0x2d, 0x20, 0x13, 0x3f,
  0x22, 0x14, 0x41, 0x1f, 0x12, 0x3d, 0x14, 0x0a, 0x30, 0x0c, 0x03, 0x26,
  0x0c, 0x03, 0x27, 0x0c, 0x03, 0x26, 0x0c, 0x04, 0x26, 0x0b, 0x04, 0x23,
  0x07, 0x05, 0x16, 0x13, 0x1a, 0x36, 0x24, 0x32, 0x68, 0x29, 0x34, 0x78,
  0x2c, 0x34, 0x7f, 0x2d, 0x34, 0x85, 0x30, 0x37, 0x89, 0x2c, 0x32, 0x7c,
  0x26, 0x2b, 0x5c, 0x1b, 0x1e, 0x3b, 0x0f, 0x11, 0x25, 0x0c, 0x0d, 0x20,
  0x10, 0x13, 0x31, 0x14, 0x1c, 0x48, 0x14, 0x1c, 0x4d, 0x18, 0x1d, 0x44,
  0x2b, 0x34, 0x4a, 0x48, 0x5e, 0x6a, 0x49, 0x60, 0x69, 0x34, 0x42, 0x46,
  0x3d, 0x4c, 0x57, 0x4c, 0x5f, 0x86, 0x3d, 0x4f, 0x92, 0x32, 0x46, 0x97,
  0x32, 0x4b, 0xa9, 0x33, 0x4e, 0xb2, 0x33, 0x4d, 0xb0, 0x33, 0x4a, 0xab,
  0x34, 0x4c, 0xb0, 0x35, 0x4e, 0xb6, 0x35, 0x4f, 0xb7, 0x35, 0x4f, 0xb7,
  0x35, 0x4e, 0xb4, 0x32, 0x49, 0xa7, 0x2b, 0x3b, 0x85, 0x27, 0x34, 0x63,
  0x37, 0x49, 0x6e, 0x46, 0x61, 0x99, 0x40, 0x5b, 0xaf, 0x36, 0x4c, 0xaa,
  0x31, 0x41, 0x9a, 0x2f, 0x3a, 0x8c, 0x2f, 0x37, 0x87, 0x2e, 0x38, 0x87,
  0x2c, 0x35, 0x80, 0x22, 0x28, 0x5d, 0x1c, 0x23, 0x3d, 0x3d, 0x5e, 0x6f,
  0x6e, 0xb8, 0xca, 0x80, 0xdb, 0xef, 0x6b, 0xb5, 0xc5, 0x69, 0x85, 0x8b,
  0xbd, 0xbd, 0xbd, 0x00, 0x00, 0x00, 0xff, 0xff, 0xff, 0xff, 0xff, 0xff,
  0xc7, 0xc7, 0xc7, 0x56, 0x52, 0x5d, 0x1e, 0x14, 0x35, 0x20, 0x13, 0x3e,
  0x20, 0x13, 0x3e, 0x16, 0x0c, 0x33, 0x0c, 0x04, 0x26, 0x08, 0x03, 0x1d,
  0x07, 0x06, 0x12, 0x17, 0x1a, 0x1d, 0x40, 0x4d, 0x4b, 0x63, 0x79, 0x7f,
  0x5c, 0x73, 0x98, 0x43, 0x55, 0x9d, 0x37, 0x46, 0x9e, 0x35, 0x44, 0xa0,
  0x35, 0x44, 0xa0, 0x35, 0x43, 0xa1, 0x34, 0x43, 0xa1, 0x34, 0x44, 0xa0,
  0x34, 0x43, 0xa0, 0x34, 0x43, 0xa0, 0x34, 0x43, 0xa0, 0x35, 0x43, 0xa0,
  0x35, 0x44, 0xa1, 0x34, 0x44, 0xa0, 0x34, 0x43, 0x9c, 0x2a, 0x35, 0x7b,
  0x15, 0x18, 0x39, 0x12, 0x0c, 0x22, 0x1e, 0x12, 0x38, 0x22, 0x14, 0x41,
  0x22, 0x14, 0x41, 0x1f, 0x12, 0x3e, 0x15, 0x0b, 0x32, 0x0c, 0x05, 0x28,
  0x0c, 0x04, 0x28, 0x0d, 0x03, 0x29, 0x0d, 0x03, 0x29, 0x0b, 0x02, 0x26,
  0x06, 0x03, 0x1b, 0x0f, 0x14, 0x40, 0x25, 0x2e, 0x7c, 0x31, 0x3a, 0x8d,
  0x33, 0x3a, 0x90, 0x34, 0x3a, 0x92, 0x35, 0x3b, 0x92, 0x34, 0x3a, 0x91,
  0x31, 0x37, 0x88, 0x2c, 0x30, 0x78, 0x28, 0x2d, 0x6e, 0x28, 0x2e, 0x71,
  0x22, 0x27, 0x68, 0x21, 0x28, 0x6b, 0x28, 0x2f, 0x7a, 0x27, 0x2e, 0x77,
  0x28, 0x31, 0x71, 0x2d, 0x3a, 0x6a, 0x33, 0x43, 0x60, 0x38, 0x45, 0x54,
  0x33, 0x3d, 0x44, 0x3d, 0x4a, 0x53, 0x50, 0x64, 0x7e, 0x48, 0x5c, 0x8f,
  0x35, 0x45, 0x8b, 0x2f, 0x42, 0x93, 0x32, 0x47, 0xa2, 0x32, 0x46, 0x9f,
  0x32, 0x47, 0xa1, 0x34, 0x4c, 0xb0, 0x35, 0x4f, 0xb7, 0x35, 0x4f, 0xb7,
  0x35, 0x4e, 0xb6, 0x34, 0x4d, 0xb2, 0x31, 0x49, 0xa6, 0x2c, 0x3e, 0x86,
  0x2e, 0x3b, 0x5f, 0x48, 0x5b, 0x6c, 0x59, 0x73, 0x90, 0x45, 0x58, 0x8a,
  0x2f, 0x3b, 0x7c, 0x2c, 0x38, 0x84, 0x2d, 0x39, 0x89, 0x2e, 0x38, 0x88,
  0x2d, 0x35, 0x81, 0x25, 0x2c, 0x63, 0x2b, 0x40, 0x57, 0x5b, 0x98, 0xa6,
  0x80, 0xdd, 0xf1, 0x81, 0xdf, 0xf3, 0x6b, 0xb5, 0xc5, 0x69, 0x85, 0x8b,
  0xbd, 0xbd, 0xbd, 0x00, 0x00, 0x00, 0xff, 0xff, 0xff, 0xff, 0xff, 0xff,
  0xc7, 0xc7, 0xc7, 0x56, 0x52, 0x5e, 0x1e, 0x14, 0x35, 0x21, 0x13, 0x3f,
  0x21, 0x13, 0x40, 0x19, 0x0d, 0x36, 0x0e, 0x05, 0x2a, 0x0a, 0x03, 0x23,
  0x08, 0x03, 0x1b, 0x08, 0x05, 0x15, 0x11, 0x12, 0x1a, 0x2c, 0x35, 0x35,
  0x4e, 0x5f, 0x64, 0x56, 0x69, 0x85, 0x45, 0x55, 0x92, 0x38, 0x47, 0x9b,
  0x35, 0x43, 0x9e, 0x34, 0x42, 0x9f, 0x34, 0x43, 0x9f, 0x34, 0x44, 0xa0,
  0x35, 0x44, 0xa1, 0x35, 0x43, 0xa0, 0x35, 0x43, 0xa0, 0x35, 0x43, 0xa0,
  0x35, 0x44, 0xa1, 0x34, 0x44, 0xa1, 0x2f, 0x3d, 0x90, 0x1e, 0x25, 0x58,
  0x0e, 0x0e, 0x23, 0x15, 0x0d, 0x2a, 0x20, 0x14, 0x43, 0x22, 0x15, 0x49,
  0x23, 0x17, 0x4d, 0x22, 0x17, 0x4e, 0x1a, 0x11, 0x45, 0x14, 0x0c, 0x3e,
  0x14, 0x0c, 0x40, 0x15, 0x0c, 0x43, 0x15, 0x0d, 0x44, 0x11, 0x08, 0x39,
  0x09, 0x04, 0x22, 0x0f, 0x15, 0x46, 0x27, 0x30, 0x82, 0x34, 0x3b, 0x90,
  0x35, 0x3b, 0x92, 0x35, 0x3b, 0x93, 0x35, 0x3b, 0x93, 0x34, 0x3b, 0x93,
  0x34, 0x3a, 0x93, 0x34, 0x3a, 0x92, 0x34, 0x3a, 0x91, 0x34, 0x3a, 0x91,
  0x2a, 0x30, 0x77, 0x27, 0x2f, 0x71, 0x30, 0x39, 0x8c, 0x30, 0x39, 0x90,
  0x2f, 0x3a, 0x8e, 0x2d, 0x3d, 0x8e, 0x2c, 0x40, 0x8d, 0x2e, 0x3f, 0x75,
  0x3e, 0x4f, 0x64, 0x44, 0x55, 0x59, 0x32, 0x40, 0x43, 0x35, 0x44, 0x5c,
  0x3c, 0x4f, 0x88, 0x2f, 0x3f, 0x82, 0x21, 0x2c, 0x64, 0x1e, 0x27, 0x58,
  0x25, 0x32, 0x70, 0x30, 0x45, 0x9d, 0x35, 0x4e, 0xb4, 0x35, 0x4f, 0xb6,
  0x35, 0x4f, 0xb7, 0x35, 0x4f, 0xb7, 0x34, 0x4e, 0xb4, 0x32, 0x49, 0xa7,
  0x2e, 0x3f, 0x88, 0x2f, 0x3c, 0x60, 0x39, 0x47, 0x4f, 0x36, 0x42, 0x4e,
  0x2a, 0x35, 0x60, 0x2b, 0x39, 0x83, 0x2d, 0x3b, 0x8d, 0x2e, 0x38, 0x88,
  0x2d, 0x35, 0x81, 0x25, 0x2e, 0x63, 0x31, 0x4b, 0x61, 0x63, 0xa8, 0xb7,
  0x84, 0xe3, 0xf7, 0x81, 0xdf, 0xf3, 0x6b, 0xb5, 0xc5, 0x69, 0x85, 0x8b,
  0xbd, 0xbd, 0xbd, 0x00, 0x00, 0x00, 0xff, 0xff, 0xff, 0xff, 0xff, 0xff,
  0xc7, 0xc7, 0xc7, 0x56, 0x53, 0x5e, 0x1e, 0x15, 0x35, 0x21, 0x13, 0x3f,
  0x21, 0x14, 0x40, 0x1a, 0x0f, 0x38, 0x10, 0x07, 0x2c, 0x0b, 0x04, 0x25,
  0x0a, 0x03, 0x1f, 0x09, 0x03, 0x1d, 0x09, 0x04, 0x1e, 0x0c, 0x0a, 0x1b,
  0x16, 0x18, 0x1f, 0x1b, 0x20, 0x27, 0x2c, 0x37, 0x4a, 0x3e, 0x4f, 0x7d,
  0x39, 0x47, 0x8d, 0x32, 0x3e, 0x8d, 0x32, 0x3f, 0x93, 0x33, 0x42, 0x9c,
  0x35, 0x44, 0xa1, 0x35, 0x44, 0xa1, 0x35, 0x44, 0xa1, 0x35, 0x44, 0xa1,
  0x35, 0x44, 0xa0, 0x34, 0x44, 0xa0, 0x2c, 0x3a, 0x88, 0x16, 0x1c, 0x44,
  0x0c, 0x09, 0x1e, 0x1c, 0x13, 0x43, 0x29, 0x1c, 0x62, 0x2a, 0x1d, 0x65,
  0x2b, 0x1d, 0x66, 0x2a, 0x1c, 0x64, 0x22, 0x16, 0x58, 0x1a, 0x11, 0x4f,
  0x19, 0x10, 0x4f, 0x19, 0x11, 0x4f, 0x19, 0x10, 0x4d, 0x14, 0x0b, 0x3e,
  0x0a, 0x05, 0x26, 0x0f, 0x17, 0x46, 0x26, 0x31, 0x80, 0x33, 0x3b, 0x8f,
  0x35, 0x3b, 0x92, 0x35, 0x3b, 0x92, 0x35, 0x3b, 0x92, 0x35, 0x3b, 0x92,
  0x35, 0x3b, 0x93, 0x35, 0x3b, 0x93, 0x35, 0x3b, 0x93, 0x34, 0x3b, 0x92,
  0x31, 0x36, 0x81, 0x31, 0x36, 0x7b, 0x33, 0x3c, 0x8c, 0x32, 0x3d, 0x94,
  0x32, 0x40, 0x99, 0x34, 0x47, 0xa6, 0x35, 0x51, 0xb7, 0x45, 0x6f, 0xba,
  0x4f, 0x7c, 0x9f, 0x5f, 0x84, 0x94, 0x62, 0x81, 0x84, 0x44, 0x57, 0x5d,
  0x36, 0x48, 0x71, 0x33, 0x48, 0x97, 0x2e, 0x42, 0x98, 0x2a, 0x3a, 0x84,
  0x24, 0x30, 0x6c, 0x26, 0x34, 0x74, 0x31, 0x44, 0x9d, 0x35, 0x4d, 0xb4,
  0x35, 0x4e, 0xb5, 0x34, 0x4e, 0xb6, 0x34, 0x4e, 0xb6, 0x34, 0x4e, 0xb4,
  0x33, 0x4b, 0xae, 0x2d, 0x40, 0x8f, 0x22, 0x2d, 0x56, 0x1e, 0x25, 0x35,
  0x32, 0x40, 0x65, 0x3a, 0x4d, 0x96, 0x2f, 0x3d, 0x90, 0x2e, 0x38, 0x88,
  0x2d, 0x35, 0x82, 0x25, 0x2e, 0x64, 0x30, 0x48, 0x5e, 0x62, 0xa5, 0xb4,
  0x83, 0xe3, 0xf8, 0x81, 0xdf, 0xf3, 0x6b, 0xb5, 0xc5, 0x69, 0x85, 0x8b,
  0xbd, 0xbd, 0xbd, 0x00, 0x00, 0x00, 0xff, 0xff, 0xff, 0xff, 0xff, 0xff,
  0xc7, 0xc7, 0xc7, 0x58, 0x57, 0x60, 0x20, 0x1b, 0x37, 0x1f, 0x15, 0x3f,
  0x20, 0x15, 0x41, 0x1a, 0x11, 0x3c, 0x11, 0x09, 0x30, 0x0c, 0x04, 0x2a,
  0x0b, 0x04, 0x26, 0x0d, 0x07, 0x2a, 0x11, 0x0a, 0x35, 0x12, 0x0b, 0x37,
  0x12, 0x0c, 0x37, 0x0f, 0x09, 0x2a, 0x16, 0x18, 0x27, 0x23, 0x2b, 0x3b,
  0x27, 0x2d, 0x54, 0x2c, 0x34, 0x76, 0x32, 0x3f, 0x92, 0x34, 0x43, 0x9e,
  0x35, 0x44, 0xa1, 0x35, 0x44, 0xa1, 0x35, 0x44, 0xa1, 0x35, 0x44, 0xa1,
  0x34, 0x44, 0xa0, 0x33, 0x44, 0x9f, 0x2a, 0x38, 0x82, 0x15, 0x19, 0x3e,
  0x10, 0x0d, 0x29, 0x22, 0x19, 0x55, 0x2c, 0x1f, 0x6e, 0x2e, 0x1f, 0x6e,
  0x2f, 0x1e, 0x6e, 0x2d, 0x1d, 0x6b, 0x24, 0x17, 0x5e, 0x1c, 0x12, 0x53,
  0x1a, 0x11, 0x51, 0x19, 0x11, 0x4f, 0x14, 0x0d, 0x41, 0x10, 0x09, 0x32,
  0x0b, 0x08, 0x27, 0x10, 0x17, 0x48, 0x1f, 0x2a, 0x77, 0x2c, 0x34, 0x86,
  0x34, 0x3b, 0x90, 0x32, 0x39, 0x8d, 0x30, 0x38, 0x8c, 0x32, 0x3a, 0x8e,
  0x34, 0x3b, 0x91, 0x35, 0x3b, 0x93, 0x35, 0x3b, 0x93, 0x35, 0x3b, 0x92,
  0x33, 0x39, 0x8a, 0x31, 0x35, 0x78, 0x30, 0x37, 0x7f, 0x31, 0x3d, 0x92,
  0x32, 0x41, 0x9b, 0x34, 0x4a, 0xae, 0x38, 0x5a, 0xc7, 0x55, 0x93, 0xdc,
  0x6f, 0xc0, 0xda, 0x6f, 0xab, 0xb9, 0x7b, 0xa5, 0xaa, 0x65, 0x83, 0x84,
  0x3a, 0x4d, 0x67, 0x35, 0x4b, 0x94, 0x37, 0x50, 0xb2, 0x34, 0x4c, 0xaf,
  0x2f, 0x45, 0x9b, 0x24, 0x35, 0x75, 0x20, 0x2c, 0x63, 0x2a, 0x3b, 0x86,
  0x33, 0x4a, 0xac, 0x34, 0x4e, 0xb5, 0x34, 0x4e, 0xb5, 0x34, 0x4e, 0xb6,
  0x34, 0x4e, 0xb6, 0x33, 0x4c, 0xb0, 0x2a, 0x3d, 0x8d, 0x21, 0x2c, 0x56,
  0x36, 0x45, 0x68, 0x3f, 0x53, 0x99, 0x2f, 0x3e, 0x93, 0x2e, 0x38, 0x88,
  0x2d, 0x36, 0x83, 0x27, 0x2f, 0x6a, 0x2c, 0x40, 0x5a, 0x5d, 0x9c, 0xab,
  0x83, 0xe3, 0xf8, 0x81, 0xdf, 0xf4, 0x6b, 0xb5, 0xc5, 0x69, 0x85, 0x8b,
  0xbd, 0xbd, 0xbd, 0x00, 0x00, 0x00, 0xff, 0xff, 0xff, 0xff, 0xff, 0xff,
  0xc7, 0xc7, 0xc7, 0x6e, 0x74, 0x6d, 0x3f, 0x44, 0x50, 0x2d, 0x24, 0x56,
  0x2a, 0x1b, 0x5b, 0x26, 0x19, 0x5a, 0x1d, 0x13, 0x50, 0x17, 0x0f, 0x47,
  0x13, 0x0c, 0x3c, 0x13, 0x0d, 0x3a, 0x18, 0x0f, 0x48, 0x18, 0x11, 0x4d,
  0x18, 0x11, 0x4e, 0x17, 0x0f, 0x46, 0x11, 0x0d, 0x2c, 0x1a, 0x1d, 0x2a,
  0x2f, 0x3a, 0x59, 0x36, 0x45, 0x89, 0x34, 0x44, 0x9c, 0x34, 0x44, 0xa0,
  0x35, 0x44, 0xa1, 0x35, 0x44, 0xa1, 0x35, 0x44, 0xa1, 0x35, 0x44, 0xa1,
  0x34, 0x44, 0xa0, 0x35, 0x44, 0x9d, 0x2b, 0x36, 0x7b, 0x17, 0x19, 0x3d,
  0x19, 0x12, 0x3b, 0x29, 0x1d, 0x63, 0x2e, 0x1f, 0x6e, 0x2f, 0x1f, 0x6f,
  0x30, 0x1f, 0x6f, 0x2d, 0x1d, 0x6c, 0x24, 0x17, 0x5f, 0x1c, 0x12, 0x53,
  0x1b, 0x12, 0x52, 0x19, 0x11, 0x4d, 0x12, 0x0d, 0x37, 0x0f, 0x0a, 0x29,
  0x0e, 0x0d, 0x2d, 0x13, 0x1a, 0x50, 0x1c, 0x26, 0x73, 0x24, 0x2e, 0x7c,
  0x26, 0x2f, 0x7f, 0x21, 0x2b, 0x73, 0x1b, 0x22, 0x5a, 0x17, 0x1b, 0x45,
  0x24, 0x2a, 0x62, 0x32, 0x39, 0x8a, 0x35, 0x3a, 0x92, 0x35, 0x3b, 0x93,
  0x33, 0x3a, 0x90, 0x24, 0x29, 0x63, 0x20, 0x27, 0x5e, 0x2e, 0x3b, 0x8d,
  0x32, 0x43, 0x9c, 0x34, 0x4c, 0xb1, 0x38, 0x5d, 0xcd, 0x54, 0x94, 0xdd,
  0x77, 0xd1, 0xe5, 0x64, 0xa9, 0xb5, 0x69, 0x94, 0x9f, 0x68, 0x8c, 0x8e,
  0x44, 0x5a, 0x68, 0x44, 0x5b, 0x91, 0x3e, 0x58, 0xb4, 0x35, 0x4f, 0xb6,
  0x34, 0x4e, 0xb3, 0x30, 0x47, 0xa1, 0x27, 0x37, 0x78, 0x24, 0x2f, 0x5c,
  0x31, 0x40, 0x70, 0x3c, 0x51, 0x96, 0x3a, 0x51, 0xab, 0x36, 0x4e, 0xb4,
  0x35, 0x4f, 0xb7, 0x34, 0x4e, 0xb6, 0x2e, 0x46, 0xa0, 0x26, 0x35, 0x69,
  0x31, 0x40, 0x63, 0x39, 0x4d, 0x92, 0x30, 0x3e, 0x96, 0x2e, 0x37, 0x88,
  0x2e, 0x37, 0x85, 0x2a, 0x32, 0x72, 0x28, 0x38, 0x56, 0x57, 0x93, 0xa1,
  0x84, 0xe3, 0xf8, 0x81, 0xdf, 0xf4, 0x6b, 0xb5, 0xc5, 0x69, 0x85, 0x8b,
  0xbd, 0xbd, 0xbd, 0x00, 0x00, 0x00, 0xff, 0xff, 0xff, 0xff, 0xff, 0xff,
  0xc7, 0xc7, 0xc7, 0x77, 0x81, 0x73, 0x62, 0x73, 0x67, 0x4b, 0x4e, 0x71,
  0x30, 0x24, 0x6c, 0x2c, 0x1d, 0x6a, 0x23, 0x17, 0x5e, 0x1c, 0x12, 0x53,
  0x16, 0x0f, 0x43, 0x14, 0x0e, 0x3c, 0x19, 0x11, 0x4a, 0x1a, 0x12, 0x51,
  0x1a, 0x12, 0x51, 0x1a, 0x11, 0x4f, 0x12, 0x0c, 0x36, 0x1f, 0x23, 0x31,
  0x3c, 0x4c, 0x65, 0x3f, 0x51, 0x94, 0x36, 0x46, 0xa0, 0x35, 0x44, 0xa0,
  0x35, 0x44, 0xa1, 0x35, 0x44, 0xa1, 0x35, 0x44, 0xa1, 0x35, 0x44, 0xa1,
  0x35, 0x44, 0xa0, 0x30, 0x3e, 0x8f, 0x1f, 0x27, 0x59, 0x11, 0x11, 0x2e,
  0x1f, 0x15, 0x49, 0x2e, 0x1e, 0x6c, 0x2f, 0x1f, 0x6e, 0x30, 0x1f, 0x6f,
  0x30, 0x1f, 0x6f, 0x2e, 0x1d, 0x6c, 0x25, 0x17, 0x61, 0x1c, 0x12, 0x55,
  0x1b, 0x12, 0x50, 0x19, 0x12, 0x4a, 0x13, 0x0d, 0x37, 0x0c, 0x08, 0x25,
  0x0f, 0x10, 0x33, 0x18, 0x1f, 0x5b, 0x1c, 0x25, 0x72, 0x1d, 0x27, 0x73,
  0x1d, 0x24, 0x69, 0x1f, 0x26, 0x61, 0x28, 0x33, 0x77, 0x2d, 0x3c, 0x8f,
  0x32, 0x42, 0x98, 0x35, 0x40, 0x98, 0x35, 0x3b, 0x93, 0x35, 0x3b, 0x93,
  0x33, 0x3a, 0x92, 0x1f, 0x23, 0x59, 0x19, 0x21, 0x4e, 0x2d, 0x3b, 0x8a,
  0x32, 0x43, 0x9d, 0x34, 0x4d, 0xb2, 0x39, 0x5d, 0xcf, 0x53, 0x92, 0xdc,
  0x75, 0xce, 0xe4, 0x61, 0xa6, 0xbb, 0x66, 0x92, 0xa8, 0x82, 0xad, 0xb3,
  0x67, 0x85, 0x88, 0x48, 0x5e, 0x86, 0x3a, 0x51, 0xa9, 0x35, 0x4e, 0xb6,
  0x35, 0x4f, 0xb6, 0x34, 0x4e, 0xb3, 0x2e, 0x42, 0x95, 0x20, 0x29, 0x57,
  0x1a, 0x1f, 0x32, 0x2b, 0x37, 0x51, 0x40, 0x56, 0x93, 0x3d, 0x57, 0xb4,
  0x34, 0x4e, 0xb6, 0x34, 0x4e, 0xb6, 0x30, 0x47, 0xa5, 0x28, 0x39, 0x71,
  0x31, 0x41, 0x61, 0x37, 0x4b, 0x8a, 0x30, 0x3e, 0x95, 0x2e, 0x37, 0x88,
  0x2e, 0x37, 0x87, 0x2b, 0x34, 0x7a, 0x28, 0x37, 0x5b, 0x56, 0x8f, 0x9f,
  0x84, 0xe3, 0xf8, 0x81, 0xdf, 0xf4, 0x6b, 0xb5, 0xc5, 0x69, 0x85, 0x8b,
  0xbd, 0xbd, 0xbd, 0x00, 0x00, 0x00, 0xff, 0xff, 0xff, 0xff, 0xff, 0xff,
  0xc7, 0xc7, 0xc7, 0x78, 0x82, 0x74, 0x7b, 0x96, 0x73, 0x6e, 0x80, 0x82,
  0x3c, 0x36, 0x73, 0x2e, 0x20, 0x6d, 0x26, 0x19, 0x61, 0x1c, 0x12, 0x54,
  0x17, 0x0f, 0x47, 0x15, 0x0d, 0x3e, 0x18, 0x0f, 0x46, 0x1a, 0x11, 0x4f,
  0x1a, 0x11, 0x51, 0x19, 0x10, 0x4d, 0x10, 0x0b, 0x32, 0x22, 0x28, 0x38,
  0x42, 0x53, 0x76, 0x3f, 0x50, 0x9a, 0x34, 0x45, 0x9f, 0x34, 0x44, 0xa0,
  0x35, 0x44, 0xa1, 0x35, 0x44, 0xa1, 0x35, 0x44, 0xa1, 0x35, 0x44, 0xa1,
  0x35, 0x44, 0x9f, 0x2c, 0x39, 0x81, 0x17, 0x1c, 0x43, 0x12, 0x0f, 0x33,
  0x23, 0x18, 0x59, 0x2e, 0x1e, 0x6d, 0x2f, 0x1e, 0x6e, 0x30, 0x1f, 0x6f,
  0x2f, 0x1e, 0x6e, 0x2d, 0x1d, 0x6c, 0x25, 0x17, 0x62, 0x1d, 0x12, 0x56,
  0x19, 0x11, 0x4d, 0x12, 0x0c, 0x37, 0x0e, 0x09, 0x28, 0x0b, 0x07, 0x20,
  0x11, 0x14, 0x36, 0x1b, 0x23, 0x64, 0x1c, 0x25, 0x72, 0x1d, 0x25, 0x72,
  0x28, 0x33, 0x81, 0x32, 0x40, 0x93, 0x34, 0x40, 0x9c, 0x36, 0x42, 0xa1,
  0x35, 0x41, 0x9c, 0x34, 0x3d, 0x95, 0x35, 0x3a, 0x93, 0x35, 0x3b, 0x93,
  0x34, 0x3b, 0x93, 0x24, 0x2a, 0x65, 0x20, 0x27, 0x57, 0x2f, 0x3b, 0x87,
  0x32, 0x42, 0x9c, 0x34, 0x4c, 0xb3, 0x39, 0x5d, 0xcf, 0x55, 0x95, 0xe0,
  0x71, 0xc2, 0xdd, 0x5a, 0x91, 0xb3, 0x67, 0x8d, 0xad, 0x98, 0xca, 0xd3,
  0x7a, 0xa1, 0xa4, 0x40, 0x55, 0x79, 0x32, 0x48, 0x9c, 0x35, 0x4e, 0xb5,
  0x35, 0x4f, 0xb6, 0x34, 0x4e, 0xb6, 0x32, 0x49, 0xa8, 0x24, 0x31, 0x71,
  0x1a, 0x1b, 0x3e, 0x2a, 0x26, 0x4d, 0x3a, 0x41, 0x70, 0x41, 0x56, 0x95,
  0x3d, 0x57, 0xb3, 0x34, 0x4e, 0xb6, 0x31, 0x48, 0xa7, 0x28, 0x39, 0x76,
  0x2b, 0x39, 0x59, 0x33, 0x42, 0x7d, 0x31, 0x3d, 0x90, 0x2e, 0x38, 0x87,
  0x2e, 0x37, 0x87, 0x2a, 0x33, 0x79, 0x23, 0x30, 0x55, 0x54, 0x89, 0x98,
  0x85, 0xe1, 0xf6, 0x81, 0xdf, 0xf4, 0x6b, 0xb5, 0xc5, 0x69, 0x85, 0x8b,
  0xbd, 0xbd, 0xbd, 0x00, 0x00, 0x00, 0xff, 0xff, 0xff, 0xff, 0xff, 0xff,
  0xc7, 0xc7, 0xc7, 0x77, 0x82, 0x74, 0x81, 0xa1, 0x76, 0x8e, 0xae, 0x8f,
  0x59, 0x61, 0x7e, 0x32, 0x27, 0x6f, 0x25, 0x19, 0x62, 0x1c, 0x13, 0x54,
  0x19, 0x11, 0x4b, 0x16, 0x0e, 0x3f, 0x16, 0x0e, 0x42, 0x19, 0x11, 0x4e,
  0x1a, 0x11, 0x50, 0x16, 0x0f, 0x44, 0x11, 0x0e, 0x2b, 0x1d, 0x22, 0x30,
  0x30, 0x3c, 0x61, 0x34, 0x42, 0x8b, 0x34, 0x43, 0x9d, 0x34, 0x44, 0xa0,
  0x35, 0x44, 0xa1, 0x35, 0x44, 0xa1, 0x34, 0x44, 0xa0, 0x33, 0x43, 0x9d,
  0x2c, 0x38, 0x82, 0x1b, 0x20, 0x4c, 0x11, 0x0f, 0x2f, 0x18, 0x11, 0x44,
  0x26, 0x1a, 0x61, 0x2e, 0x1e, 0x6c, 0x2e, 0x1f, 0x6b, 0x2d, 0x1f, 0x67,
  0x2a, 0x1c, 0x61, 0x26, 0x1a, 0x5c, 0x1f, 0x15, 0x51, 0x16, 0x0e, 0x41,
  0x10, 0x09, 0x36, 0x0a, 0x06, 0x21, 0x09, 0x03, 0x1c, 0x09, 0x04, 0x1b,
  0x10, 0x14, 0x39, 0x1c, 0x24, 0x6a, 0x1b, 0x24, 0x71, 0x18, 0x1e, 0x63,
  0x25, 0x2d, 0x77, 0x34, 0x3f, 0x98, 0x2d, 0x36, 0x8c, 0x28, 0x31, 0x84,
  0x2f, 0x37, 0x8c, 0x34, 0x3b, 0x91, 0x34, 0x3a, 0x92, 0x35, 0x3b, 0x93,
  0x34, 0x3b, 0x93, 0x2e, 0x36, 0x7d, 0x22, 0x2a, 0x5a, 0x25, 0x2e, 0x6b,
  0x30, 0x3f, 0x95, 0x34, 0x4b, 0xb1, 0x39, 0x5d, 0xce, 0x57, 0x99, 0xe4,
  0x60, 0xa8, 0xc5, 0x3f, 0x63, 0x88, 0x5f, 0x7f, 0x9f, 0xa2, 0xd6, 0xdf,
  0x84, 0xae, 0xaf, 0x3b, 0x50, 0x71, 0x2e, 0x43, 0x94, 0x35, 0x4e, 0xb4,
  0x34, 0x4e, 0xb6, 0x34, 0x4f, 0xb5, 0x34, 0x4d, 0xb1, 0x2e, 0x41, 0x96,
  0x26, 0x2b, 0x67, 0x2d, 0x25, 0x61, 0x37, 0x2f, 0x71, 0x37, 0x3e, 0x6d,
  0x3f, 0x54, 0x8b, 0x3d, 0x57, 0xb1, 0x31, 0x49, 0xa9, 0x2a, 0x3c, 0x7d,
  0x2b, 0x39, 0x5f, 0x31, 0x40, 0x7d, 0x2f, 0x3c, 0x90, 0x2e, 0x38, 0x87,
  0x2f, 0x38, 0x87, 0x2b, 0x34, 0x7e, 0x25, 0x31, 0x5e, 0x4e, 0x7e, 0x92,
  0x7f, 0xd6, 0xeb, 0x81, 0xdf, 0xf4, 0x6b, 0xb5, 0xc5, 0x69, 0x85, 0x8b,
  0xbd, 0xbd, 0xbd, 0x00, 0x00, 0x00, 0xff, 0xff, 0xff, 0xff, 0xff, 0xff,
  0xc7, 0xc7, 0xc7, 0x6f, 0x77, 0x6d, 0x77, 0x95, 0x6e, 0xa0, 0xc9, 0x94,
  0x7a, 0x90, 0x89, 0x42, 0x3e, 0x74, 0x28, 0x1c, 0x63, 0x1c, 0x13, 0x55,
  0x1a, 0x12, 0x4f, 0x15, 0x0f, 0x40, 0x15, 0x0e, 0x3e, 0x19, 0x10, 0x4d,
  0x1a, 0x11, 0x51, 0x14, 0x0d, 0x3c, 0x0b, 0x09, 0x1c, 0x13, 0x17, 0x2a,
  0x26, 0x31, 0x64, 0x31, 0x3f, 0x91, 0x34, 0x43, 0x9f, 0x35, 0x44, 0xa1,
  0x35, 0x44, 0xa0, 0x35, 0x43, 0xa0, 0x33, 0x42, 0x9c, 0x2a, 0x36, 0x7d,
  0x17, 0x1d, 0x43, 0x0a, 0x0a, 0x1c, 0x0b, 0x06, 0x21, 0x12, 0x0a, 0x35,
  0x1c, 0x12, 0x45, 0x24, 0x17, 0x4d, 0x25, 0x18, 0x4e, 0x25, 0x17, 0x4c,
  0x23, 0x17, 0x4a, 0x22, 0x15, 0x47, 0x1d, 0x12, 0x3f, 0x12, 0x0a, 0x2f,
  0x09, 0x04, 0x1e, 0x07, 0x04, 0x18, 0x08, 0x03, 0x1e, 0x07, 0x03, 0x18,
  0x10, 0x14, 0x3c, 0x1c, 0x24, 0x6e, 0x1c, 0x25, 0x71, 0x23, 0x2a, 0x72,
  0x2d, 0x35, 0x82, 0x2a, 0x33, 0x87, 0x20, 0x29, 0x78, 0x1e, 0x27, 0x75,
  0x21, 0x2a, 0x79, 0x25, 0x2e, 0x7f, 0x2d, 0x36, 0x88, 0x33, 0x3b, 0x91,
  0x35, 0x3b, 0x93, 0x32, 0x3a, 0x8d, 0x1f, 0x26, 0x58, 0x1d, 0x24, 0x55,
  0x2f, 0x3d, 0x8f, 0x35, 0x4b, 0xaf, 0x38, 0x5b, 0xcc, 0x58, 0x99, 0xe6,
  0x59, 0x9a, 0xb6, 0x2f, 0x4b, 0x66, 0x56, 0x73, 0x8b, 0xa1, 0xd5, 0xdc,
  0x88, 0xb2, 0xb4, 0x44, 0x56, 0x6e, 0x34, 0x42, 0x80, 0x36, 0x48, 0x9d,
  0x2f, 0x42, 0x99, 0x2c, 0x40, 0x96, 0x30, 0x47, 0xa5, 0x33, 0x4a, 0xab,
  0x2f, 0x3c, 0x8d, 0x31, 0x2e, 0x76, 0x3f, 0x31, 0x86, 0x3b, 0x32, 0x78,
  0x36, 0x3e, 0x63, 0x47, 0x5e, 0x8c, 0x3d, 0x56, 0x9c, 0x27, 0x38, 0x6c,
  0x34, 0x45, 0x68, 0x3a, 0x4c, 0x8c, 0x2f, 0x3c, 0x8f, 0x2e, 0x38, 0x87,
  0x2f, 0x38, 0x88, 0x2c, 0x34, 0x80, 0x25, 0x31, 0x63, 0x46, 0x70, 0x88,
  0x76, 0xca, 0xdd, 0x81, 0xdf, 0xf4, 0x6b, 0xb5, 0xc5, 0x69, 0x85, 0x8b,
  0xbd, 0xbd, 0xbd, 0x00, 0x00, 0x00, 0xff, 0xff, 0xff, 0xff, 0xff, 0xff,
  0xc7, 0xc7, 0xc7, 0x58, 0x5b, 0x57, 0x58, 0x6d, 0x50, 0x9b, 0xc3, 0x8c,
  0x98, 0xbc, 0x95, 0x63, 0x6d, 0x7f, 0x2e, 0x25, 0x5e, 0x1a, 0x10, 0x49,
  0x15, 0x0c, 0x41, 0x0f, 0x09, 0x2f, 0x0d, 0x07, 0x28, 0x11, 0x09, 0x34,
  0x11, 0x09, 0x33, 0x0a, 0x06, 0x21, 0x0d, 0x0f, 0x28, 0x1f, 0x28, 0x5a,
  0x2e, 0x3c, 0x89, 0x33, 0x42, 0x9d, 0x34, 0x43, 0xa0, 0x35, 0x44, 0xa1,
  0x35, 0x44, 0xa0, 0x30, 0x3d, 0x90, 0x23, 0x2c, 0x66, 0x13, 0x17, 0x36,
  0x0a, 0x09, 0x1d, 0x0a, 0x04, 0x1b, 0x0b, 0x03, 0x23, 0x0f, 0x06, 0x2b,
  0x18, 0x0e, 0x37, 0x20, 0x13, 0x40, 0x22, 0x14, 0x42, 0x22, 0x14, 0x41,
  0x22, 0x14, 0x41, 0x21, 0x14, 0x41, 0x1d, 0x11, 0x3b, 0x11, 0x09, 0x27,
  0x05, 0x02, 0x12, 0x06, 0x02, 0x17, 0x09, 0x02, 0x21, 0x07, 0x03, 0x17,
  0x10, 0x14, 0x3e, 0x1c, 0x25, 0x6f, 0x20, 0x29, 0x74, 0x28, 0x32, 0x7c,
  0x27, 0x31, 0x7f, 0x1e, 0x29, 0x77, 0x1c, 0x26, 0x71, 0x1d, 0x25, 0x6c,
  0x1c, 0x25, 0x6c, 0x1d, 0x26, 0x73, 0x20, 0x2a, 0x79, 0x26, 0x2f, 0x80,
  0x2e, 0x36, 0x8a, 0x33, 0x3b, 0x8f, 0x20, 0x26, 0x5d, 0x1d, 0x22, 0x54,
  0x31, 0x3d, 0x8d, 0x35, 0x4a, 0xab, 0x37, 0x59, 0xca, 0x53, 0x91, 0xe5,
  0x5c, 0x9c, 0xbb, 0x3c, 0x5b, 0x6a, 0x5d, 0x7c, 0x87, 0x93, 0xc2, 0xc7,
  0x6a, 0x8c, 0x91, 0x27, 0x32, 0x3d, 0x18, 0x1d, 0x39, 0x24, 0x2e, 0x65,
  0x2e, 0x3e, 0x8c, 0x31, 0x45, 0xa2, 0x32, 0x4a, 0xaf, 0x34, 0x4c, 0xb4,
  0x33, 0x47, 0xa8, 0x2d, 0x36, 0x84, 0x28, 0x26, 0x63, 0x31, 0x31, 0x62,
  0x3c, 0x4b, 0x63, 0x3e, 0x51, 0x5d, 0x3d, 0x4d, 0x63, 0x31, 0x3f, 0x54,
  0x3c, 0x4d, 0x70, 0x41, 0x54, 0x9a, 0x2f, 0x3b, 0x8e, 0x2e, 0x38, 0x87,
  0x30, 0x38, 0x85, 0x2c, 0x35, 0x7c, 0x23, 0x2f, 0x5d, 0x46, 0x72, 0x86,
  0x79, 0xcd, 0xe0, 0x81, 0xde, 0xf4, 0x6b, 0xb5, 0xc5, 0x69, 0x85, 0x8b,
  0xbd, 0xbd, 0xbd, 0x00, 0x00, 0x00, 0xff, 0xff, 0xff, 0xff, 0xff, 0xff,
  0xc7, 0xc7, 0xc7, 0x58, 0x5d, 0x5d, 0x3e, 0x4e, 0x40, 0x7e, 0x9e, 0x73,
  0xa2, 0xcd, 0x95, 0x7e, 0x99, 0x82, 0x39, 0x3d, 0x54, 0x15, 0x0e, 0x35,
  0x0e, 0x06, 0x2d, 0x09, 0x04, 0x1f, 0x08, 0x04, 0x18, 0x0a, 0x04, 0x1d,
  0x09, 0x06, 0x1c, 0x12, 0x13, 0x33, 0x22, 0x2b, 0x65, 0x2e, 0x3c, 0x8d,
  0x32, 0x42, 0x9d, 0x34, 0x43, 0xa0, 0x34, 0x42, 0x9c, 0x33, 0x40, 0x98,
  0x2e, 0x39, 0x86, 0x1e, 0x25, 0x57, 0x10, 0x11, 0x2c, 0x0a, 0x07, 0x1e,
  0x0a, 0x04, 0x1f, 0x0c, 0x03, 0x24, 0x0c, 0x03, 0x26, 0x0f, 0x06, 0x2a,
  0x18, 0x0d, 0x36, 0x20, 0x13, 0x3f, 0x22, 0x14, 0x41, 0x22, 0x14, 0x41,
  0x22, 0x14, 0x41, 0x21, 0x14, 0x40, 0x1d, 0x12, 0x39, 0x0f, 0x09, 0x1f,
  0x06, 0x02, 0x10, 0x09, 0x02, 0x1d, 0x0a, 0x03, 0x22, 0x06, 0x04, 0x17,
  0x0f, 0x15, 0x3e, 0x1b, 0x25, 0x70, 0x1e, 0x28, 0x74, 0x20, 0x2b, 0x77,
  0x19, 0x23, 0x64, 0x11, 0x17, 0x43, 0x11, 0x15, 0x40, 0x12, 0x17, 0x48,
  0x0f, 0x15, 0x40, 0x11, 0x16, 0x46, 0x18, 0x20, 0x60, 0x1e, 0x28, 0x71,
  0x22, 0x2c, 0x79, 0x2a, 0x35, 0x86, 0x2a, 0x33, 0x77, 0x27, 0x2f, 0x69,
  0x2f, 0x3a, 0x83, 0x34, 0x47, 0xa5, 0x37, 0x56, 0xc6, 0x47, 0x7e, 0xdd,
  0x5b, 0x9c, 0xc6, 0x63, 0x92, 0x9a, 0x7e, 0xa7, 0xa9, 0x87, 0xb0, 0xb6,
  0x51, 0x66, 0x72, 0x19, 0x1b, 0x2b, 0x0f, 0x0f, 0x29, 0x21, 0x2b, 0x64,
  0x30, 0x44, 0x9c, 0x34, 0x4d, 0xb2, 0x34, 0x4e, 0xb5, 0x34, 0x4e, 0xb6,
  0x34, 0x4d, 0xb3, 0x2f, 0x42, 0x9c, 0x26, 0x30, 0x6b, 0x33, 0x48, 0x66,
  0x59, 0x8c, 0x9c, 0x5d, 0x94, 0x9f, 0x3e, 0x59, 0x60, 0x2b, 0x37, 0x41,
  0x3c, 0x4f, 0x76, 0x3f, 0x53, 0x9d, 0x2c, 0x38, 0x86, 0x28, 0x30, 0x69,
  0x29, 0x31, 0x5b, 0x23, 0x2a, 0x51, 0x1d, 0x28, 0x40, 0x50, 0x83, 0x93,
  0x81, 0xdc, 0xf1, 0x81, 0xde, 0xf4, 0x6b, 0xb5, 0xc5, 0x69, 0x85, 0x8b,
  0xbd, 0xbd, 0xbd, 0x00, 0x00, 0x00, 0xff, 0xff, 0xff, 0xff, 0xff, 0xff,
  0xc7, 0xc7, 0xc7, 0x67, 0x78, 0x7b, 0x39, 0x53, 0x53, 0x60, 0x7c, 0x61,
  0x9b, 0xc5, 0x8d, 0x9b, 0xc2, 0x90, 0x5b, 0x6d, 0x63, 0x1b, 0x19, 0x32,
  0x0d, 0x05, 0x26, 0x09, 0x03, 0x1c, 0x06, 0x02, 0x10, 0x0a, 0x08, 0x19,
  0x17, 0x1b, 0x40, 0x26, 0x31, 0x71, 0x30, 0x3e, 0x91, 0x33, 0x42, 0x9e,
  0x33, 0x42, 0xa0, 0x31, 0x3e, 0x96, 0x2e, 0x38, 0x83, 0x29, 0x30, 0x6d,
  0x1d, 0x20, 0x4b, 0x15, 0x14, 0x32, 0x13, 0x0d, 0x2b, 0x0d, 0x07, 0x27,
  0x0b, 0x04, 0x25, 0x0c, 0x04, 0x26, 0x0d, 0x04, 0x27, 0x0f, 0x06, 0x2a,
  0x17, 0x0c, 0x34, 0x1f, 0x12, 0x3e, 0x22, 0x14, 0x41, 0x22, 0x14, 0x41,
  0x22, 0x14, 0x40, 0x20, 0x13, 0x3d, 0x18, 0x0f, 0x2c, 0x0a, 0x06, 0x13,
  0x07, 0x02, 0x13, 0x0c, 0x03, 0x22, 0x0a, 0x04, 0x20, 0x08, 0x08, 0x1e,
  0x12, 0x18, 0x49, 0x1c, 0x24, 0x6e, 0x1a, 0x20, 0x62, 0x12, 0x16, 0x43,
  0x08, 0x0c, 0x26, 0x0a, 0x0b, 0x24, 0x0c, 0x0f, 0x34, 0x0a, 0x10, 0x3c,
  0x0a, 0x0f, 0x37, 0x0c, 0x0f, 0x33, 0x0d, 0x0f, 0x2f, 0x0b, 0x0f, 0x2c,
  0x0d, 0x11, 0x32, 0x18, 0x1f, 0x51, 0x27, 0x31, 0x75, 0x23, 0x2c, 0x66,
  0x24, 0x2c, 0x69, 0x32, 0x41, 0x9b, 0x38, 0x53, 0xc2, 0x41, 0x71, 0xd9,
  0x58, 0x9b, 0xd1, 0x6e, 0xa8, 0xb2, 0x79, 0xa3, 0xa5, 0x60, 0x7f, 0x86,
  0x2c, 0x36, 0x46, 0x10, 0x0c, 0x27, 0x0c, 0x08, 0x24, 0x16, 0x1b, 0x43,
  0x28, 0x37, 0x81, 0x33, 0x4a, 0xac, 0x35, 0x4f, 0xb6, 0x35, 0x4f, 0xb6,
  0x35, 0x4e, 0xb6, 0x33, 0x4b, 0xaf, 0x2a, 0x3c, 0x86, 0x2c, 0x44, 0x65,
  0x57, 0x8f, 0x9d, 0x73, 0xbe, 0xce, 0x55, 0x89, 0x94, 0x33, 0x49, 0x54,
  0x3b, 0x4d, 0x77, 0x3d, 0x4f, 0x9b, 0x2c, 0x37, 0x84, 0x26, 0x2f, 0x66,
  0x28, 0x32, 0x52, 0x1d, 0x27, 0x3a, 0x13, 0x1c, 0x25, 0x45, 0x71, 0x7c,
  0x7b, 0xd1, 0xe4, 0x80, 0xdf, 0xf4, 0x6a, 0xb5, 0xc5, 0x69, 0x85, 0x8b,
  0xbd, 0xbd, 0xbd, 0x00, 0x00, 0x00, 0xff, 0xff, 0xff, 0xff, 0xff, 0xff,
  0xc7, 0xc7, 0xc7, 0x6d, 0x84, 0x89, 0x4b, 0x78, 0x80, 0x55, 0x78, 0x6e,
  0x80, 0xa2, 0x77, 0xa3, 0xce, 0x94, 0x7f, 0x9d, 0x7a, 0x38, 0x3e, 0x45,
  0x12, 0x0b, 0x27, 0x07, 0x03, 0x17, 0x10, 0x12, 0x22, 0x23, 0x2a, 0x50,
  0x2c, 0x38, 0x7d, 0x32, 0x40, 0x96, 0x34, 0x43, 0x9f, 0x34, 0x43, 0xa0,
  0x34, 0x43, 0x9e, 0x2d, 0x39, 0x84, 0x20, 0x25, 0x53, 0x16, 0x17, 0x35,
  0x16, 0x12, 0x30, 0x1b, 0x12, 0x36, 0x1a, 0x0f, 0x36, 0x10, 0x08, 0x2c,
  0x0c, 0x04, 0x26, 0x0c, 0x04, 0x27, 0x0d, 0x04, 0x27, 0x0f, 0x06, 0x29,
  0x17, 0x0c, 0x33, 0x1f, 0x12, 0x3d, 0x22, 0x14, 0x41, 0x22, 0x14, 0x41,
  0x22, 0x14, 0x40, 0x1e, 0x13, 0x38, 0x10, 0x0b, 0x1e, 0x04, 0x02, 0x0b,
  0x08, 0x02, 0x17, 0x0c, 0x04, 0x23, 0x0a, 0x05, 0x1e, 0x0f, 0x0f, 0x2b,
  0x12, 0x14, 0x39, 0x0e, 0x11, 0x36, 0x0d, 0x0f, 0x2f, 0x09, 0x0b, 0x26,
  0x07, 0x0b, 0x28, 0x09, 0x0d, 0x31, 0x0a, 0x10, 0x3a, 0x09, 0x10, 0x3c,
  0x09, 0x0f, 0x3c, 0x0a, 0x0f, 0x38, 0x09, 0x0d, 0x30, 0x09, 0x0b, 0x28,
  0x07, 0x08, 0x1d, 0x08, 0x0a, 0x1d, 0x16, 0x1d, 0x47, 0x23, 0x2b, 0x66,
  0x2b, 0x33, 0x77, 0x34, 0x41, 0x99, 0x37, 0x50, 0xbc, 0x3e, 0x68, 0xd7,
  0x56, 0x99, 0xdb, 0x5e, 0x9b, 0xa9, 0x52, 0x72, 0x75, 0x3c, 0x4b, 0x55,
  0x1a, 0x1a, 0x30, 0x11, 0x08, 0x2f, 0x1d, 0x14, 0x48, 0x21, 0x1e, 0x51,
  0x1e, 0x23, 0x56, 0x26, 0x35, 0x7d, 0x32, 0x49, 0xa9, 0x35, 0x4e, 0xb6,
  0x35, 0x4e, 0xb6, 0x34, 0x4e, 0xb5, 0x2f, 0x44, 0x9d, 0x2b, 0x3f, 0x72,
  0x47, 0x72, 0x87, 0x6d, 0xb7, 0xc8, 0x61, 0xa2, 0xb0, 0x38, 0x54, 0x60,
  0x3d, 0x4f, 0x75, 0x41, 0x53, 0x9e, 0x2e, 0x39, 0x8c, 0x2a, 0x33, 0x7f,
  0x26, 0x2f, 0x69, 0x1a, 0x1f, 0x3b, 0x10, 0x14, 0x1e, 0x29, 0x40, 0x49,
  0x64, 0xa6, 0xb6, 0x82, 0xde, 0xf3, 0x6a, 0xb5, 0xc5, 0x69, 0x85, 0x8b,
  0xbd, 0xbd, 0xbd, 0x00, 0x00, 0x00, 0xff, 0xff, 0xff, 0xff, 0xff, 0xff,
  0xc7, 0xc7, 0xc7, 0x6e, 0x85, 0x8b, 0x5f, 0x9b, 0xa9, 0x54, 0x86, 0x8b,
  0x64, 0x83, 0x68, 0x9c, 0xc6, 0x8e, 0x9c, 0xc4, 0x8f, 0x60, 0x73, 0x61,
  0x1c, 0x1e, 0x27, 0x19, 0x1e, 0x29, 0x30, 0x3d, 0x5d, 0x35, 0x44, 0x87,
  0x34, 0x43, 0x99, 0x34, 0x43, 0x9f, 0x35, 0x44, 0xa0, 0x34, 0x44, 0xa0,
  0x2e, 0x3b, 0x8a, 0x1e, 0x25, 0x54, 0x12, 0x12, 0x2a, 0x15, 0x0f, 0x2a,
  0x1c, 0x12, 0x38, 0x20, 0x14, 0x3e, 0x1c, 0x10, 0x39, 0x12, 0x08, 0x2d,
  0x0c, 0x04, 0x27, 0x0d, 0x04, 0x27, 0x0d, 0x04, 0x27, 0x0e, 0x04, 0x28,
  0x14, 0x09, 0x2f, 0x1d, 0x10, 0x3a, 0x22, 0x14, 0x40, 0x22, 0x14, 0x41,
  0x1f, 0x13, 0x3c, 0x15, 0x0d, 0x27, 0x07, 0x05, 0x0e, 0x05, 0x02, 0x0f,
  0x0a, 0x03, 0x1f, 0x0c, 0x03, 0x24, 0x07, 0x02, 0x18, 0x08, 0x07, 0x17,
  0x0a, 0x09, 0x1d, 0x09, 0x0a, 0x23, 0x0a, 0x0c, 0x2c, 0x0a, 0x0d, 0x32,
  0x09, 0x0e, 0x39, 0x09, 0x0f, 0x3b, 0x09, 0x10, 0x3c, 0x09, 0x10, 0x3c,
  0x08, 0x0f, 0x3c, 0x08, 0x0f, 0x3b, 0x08, 0x0f, 0x3a, 0x08, 0x0e, 0x38,
  0x07, 0x0d, 0x30, 0x07, 0x0b, 0x23, 0x0a, 0x0d, 0x24, 0x18, 0x1d, 0x48,
  0x25, 0x2a, 0x67, 0x2c, 0x35, 0x80, 0x36, 0x4b, 0xb0, 0x3c, 0x63, 0xd3,
  0x56, 0x99, 0xe0, 0x51, 0x8f, 0x9e, 0x29, 0x3e, 0x40, 0x18, 0x1a, 0x26,
  0x13, 0x0e, 0x30, 0x23, 0x17, 0x59, 0x3c, 0x2d, 0x8a, 0x40, 0x34, 0x8d,
  0x30, 0x2b, 0x6d, 0x24, 0x26, 0x5c, 0x26, 0x33, 0x76, 0x30, 0x47, 0xa2,
  0x35, 0x4e, 0xb6, 0x35, 0x4e, 0xb6, 0x31, 0x47, 0xa7, 0x2c, 0x3f, 0x7f,
  0x40, 0x65, 0x7f, 0x69, 0xb2, 0xc3, 0x67, 0xaf, 0xbe, 0x3b, 0x5b, 0x65,
  0x3f, 0x53, 0x70, 0x45, 0x5b, 0xa1, 0x2e, 0x3c, 0x91, 0x2b, 0x35, 0x87,
  0x26, 0x2d, 0x7d, 0x17, 0x1a, 0x48, 0x10, 0x13, 0x28, 0x1d, 0x28, 0x3e,
  0x4c, 0x7a, 0x8a, 0x78, 0xcb, 0xde, 0x6b, 0xb5, 0xc5, 0x69, 0x85, 0x8b,
  0xbd, 0xbd, 0xbd, 0x00, 0x00, 0x00, 0xff, 0xff, 0xff, 0xff, 0xff, 0xff,
  0xc7, 0xc7, 0xc7, 0x6e, 0x85, 0x8b, 0x65, 0xa8, 0xb7, 0x63, 0xa6, 0xb4,
  0x5c, 0x80, 0x76, 0x87, 0xaa, 0x7f, 0xa1, 0xc8, 0x91, 0x67, 0x7e, 0x60,
  0x32, 0x3b, 0x39, 0x3c, 0x4b, 0x60, 0x3f, 0x50, 0x8c, 0x37, 0x47, 0x9c,
  0x35, 0x44, 0x9f, 0x35, 0x44, 0xa0, 0x34, 0x44, 0xa1, 0x30, 0x3e, 0x92,
  0x21, 0x2a, 0x63, 0x14, 0x15, 0x33, 0x15, 0x0f, 0x2b, 0x1c, 0x12, 0x37,
  0x20, 0x14, 0x3f, 0x21, 0x14, 0x40, 0x1c, 0x11, 0x3a, 0x12, 0x08, 0x2d,
  0x0d, 0x04, 0x26, 0x0d, 0x03, 0x26, 0x0d, 0x03, 0x27, 0x0d, 0x04, 0x27,
  0x11, 0x07, 0x2d, 0x1b, 0x0e, 0x39, 0x22, 0x14, 0x40, 0x21, 0x13, 0x3e,
  0x19, 0x10, 0x31, 0x0b, 0x07, 0x16, 0x02, 0x01, 0x07, 0x07, 0x02, 0x15,
  0x0c, 0x04, 0x23, 0x0b, 0x03, 0x20, 0x07, 0x03, 0x12, 0x0f, 0x10, 0x1a,
  0x10, 0x14, 0x2c, 0x08, 0x0e, 0x32, 0x09, 0x0f, 0x3a, 0x0a, 0x0f, 0x3f,
  0x10, 0x15, 0x4a, 0x10, 0x14, 0x47, 0x0a, 0x0f, 0x3c, 0x0f, 0x14, 0x45,
  0x15, 0x1a, 0x53, 0x0f, 0x15, 0x4c, 0x08, 0x0f, 0x40, 0x09, 0x0f, 0x3d,
  0x0a, 0x0f, 0x3b, 0x0a, 0x0e, 0x35, 0x08, 0x0a, 0x26, 0x0a, 0x0c, 0x23,
  0x17, 0x1c, 0x44, 0x28, 0x32, 0x75, 0x34, 0x49, 0xa6, 0x39, 0x5e, 0xcd,
  0x55, 0x99, 0xe2, 0x4e, 0x8d, 0x9c, 0x19, 0x2a, 0x2c, 0x0b, 0x08, 0x1d,
  0x23, 0x17, 0x58, 0x44, 0x30, 0x9c, 0x51, 0x3e, 0xb6, 0x4c, 0x3f, 0xa8,
  0x3f, 0x35, 0x88, 0x37, 0x3c, 0x6d, 0x36, 0x4c, 0x6c, 0x2b, 0x40, 0x6d,
  0x27, 0x38, 0x79, 0x2e, 0x41, 0x8f, 0x28, 0x38, 0x7e, 0x29, 0x3d, 0x67,
  0x50, 0x80, 0x95, 0x78, 0xca, 0xdc, 0x72, 0xc4, 0xd6, 0x4b, 0x77, 0x82,
  0x3d, 0x52, 0x63, 0x44, 0x5a, 0x8e, 0x36, 0x47, 0x97, 0x2a, 0x35, 0x84,
  0x22, 0x27, 0x69, 0x12, 0x14, 0x37, 0x14, 0x17, 0x37, 0x21, 0x2a, 0x53,
  0x40, 0x62, 0x7a, 0x6d, 0xb7, 0xc8, 0x6b, 0xb5, 0xc5, 0x69, 0x85, 0x8b,
  0xbd, 0xbd, 0xbd, 0x00, 0x00, 0x00, 0xff, 0xff, 0xff, 0xff, 0xff, 0xff,
  0xc7, 0xc7, 0xc7, 0x6e, 0x86, 0x8b, 0x65, 0xaa, 0xb9, 0x76, 0xcb, 0xdd,
  0x58, 0x8b, 0x90, 0x6a, 0x88, 0x6c, 0x7b, 0x97, 0x70, 0x4d, 0x5d, 0x49,
  0x43, 0x53, 0x59, 0x47, 0x5c, 0x89, 0x3a, 0x4c, 0x9c, 0x35, 0x45, 0xa0,
  0x35, 0x44, 0xa0, 0x35, 0x44, 0xa1, 0x35, 0x44, 0x9e, 0x2a, 0x35, 0x79,
  0x1a, 0x1b, 0x42, 0x18, 0x11, 0x31, 0x1d, 0x13, 0x39, 0x1f, 0x15, 0x40,
  0x1f, 0x14, 0x41, 0x1f, 0x14, 0x41, 0x1b, 0x10, 0x3b, 0x10, 0x07, 0x30,
  0x0c, 0x04, 0x2b, 0x0f, 0x06, 0x2e, 0x13, 0x08, 0x34, 0x14, 0x0a, 0x38,
  0x17, 0x0c, 0x3f, 0x21, 0x14, 0x4d, 0x28, 0x19, 0x56, 0x25, 0x18, 0x51,
  0x19, 0x10, 0x38, 0x0a, 0x06, 0x18, 0x08, 0x05, 0x13, 0x0e, 0x07, 0x22,
  0x0e, 0x05, 0x24, 0x0a, 0x05, 0x17, 0x11, 0x13, 0x15, 0x18, 0x20, 0x2c,
  0x11, 0x18, 0x3b, 0x09, 0x10, 0x3d, 0x0f, 0x14, 0x49, 0x15, 0x1a, 0x55,
  0x17, 0x1c, 0x58, 0x12, 0x16, 0x4a, 0x0d, 0x0f, 0x3c, 0x13, 0x17, 0x4a,
  0x1d, 0x20, 0x60, 0x15, 0x19, 0x58, 0x0f, 0x14, 0x4d, 0x14, 0x18, 0x51,
  0x10, 0x15, 0x48, 0x0b, 0x10, 0x3e, 0x0a, 0x0d, 0x36, 0x07, 0x08, 0x22,
  0x09, 0x0b, 0x21, 0x1e, 0x23, 0x51, 0x32, 0x42, 0x94, 0x37, 0x59, 0xc5,
  0x55, 0x97, 0xe3, 0x4f, 0x8c, 0x9f, 0x1d, 0x2b, 0x37, 0x21, 0x16, 0x4a,
  0x45, 0x31, 0x9b, 0x5b, 0x43, 0xc9, 0x59, 0x45, 0xc4, 0x4b, 0x3e, 0xa4,
  0x43, 0x43, 0x87, 0x50, 0x6f, 0x92, 0x62, 0x9d, 0xb2, 0x5e, 0x9b, 0xb1,
  0x56, 0x8d, 0xac, 0x56, 0x8b, 0xb2, 0x53, 0x87, 0xaa, 0x58, 0x94, 0xac,
  0x70, 0xbe, 0xd2, 0x81, 0xde, 0xf2, 0x7e, 0xd9, 0xed, 0x66, 0xaa, 0xb9,
  0x41, 0x62, 0x6c, 0x34, 0x44, 0x5c, 0x3e, 0x4f, 0x84, 0x36, 0x43, 0x89,
  0x1d, 0x23, 0x55, 0x11, 0x14, 0x30, 0x1c, 0x22, 0x51, 0x27, 0x32, 0x6b,
  0x39, 0x57, 0x73, 0x65, 0xaa, 0xb9, 0x6b, 0xb5, 0xc5, 0x69, 0x85, 0x8b,
  0xbd, 0xbd, 0xbd, 0x00, 0x00, 0x00, 0xff, 0xff, 0xff, 0xff, 0xff, 0xff,
  0xc7, 0xc7, 0xc7, 0x6e, 0x86, 0x8b, 0x65, 0xaa, 0xb9, 0x7f, 0xdb, 0xef,
  0x64, 0xa7, 0xb5, 0x49, 0x67, 0x62, 0x36, 0x43, 0x35, 0x37, 0x44, 0x40,
  0x4c, 0x60, 0x7b, 0x41, 0x54, 0x99, 0x36, 0x46, 0x9f, 0x34, 0x44, 0xa0,
  0x34, 0x44, 0xa1, 0x34, 0x43, 0xa0, 0x2e, 0x39, 0x88, 0x1f, 0x23, 0x54,
  0x19, 0x14, 0x39, 0x20, 0x15, 0x44, 0x26, 0x19, 0x51, 0x27, 0x1a, 0x56,
  0x27, 0x19, 0x58, 0x27, 0x19, 0x59, 0x24, 0x16, 0x55, 0x19, 0x0e, 0x4a,
  0x13, 0x0b, 0x43, 0x15, 0x0d, 0x44, 0x17, 0x0f, 0x47, 0x18, 0x0f, 0x49,
  0x1b, 0x12, 0x4e, 0x23, 0x17, 0x58, 0x24, 0x17, 0x55, 0x1e, 0x12, 0x47,
  0x16, 0x0d, 0x33, 0x0b, 0x06, 0x1b, 0x0c, 0x07, 0x1e, 0x12, 0x0a, 0x2d,
  0x0e, 0x07, 0x22, 0x0f, 0x0e, 0x15, 0x3b, 0x48, 0x3c, 0x38, 0x47, 0x51,
  0x0d, 0x13, 0x3e, 0x11, 0x16, 0x49, 0x19, 0x1d, 0x5a, 0x1c, 0x20, 0x61,
  0x15, 0x1b, 0x58, 0x0c, 0x13, 0x44, 0x0b, 0x10, 0x3c, 0x10, 0x15, 0x47,
  0x1a, 0x1f, 0x5f, 0x1b, 0x1e, 0x63, 0x1a, 0x1d, 0x5f, 0x1d, 0x20, 0x63,
  0x1b, 0x1e, 0x5e, 0x17, 0x19, 0x56, 0x10, 0x15, 0x4a, 0x0a, 0x0e, 0x36,
  0x07, 0x08, 0x20, 0x0d, 0x0e, 0x25, 0x23, 0x2c, 0x63, 0x36, 0x50, 0xb0,
  0x4d, 0x84, 0xdb, 0x45, 0x79, 0x9d, 0x1f, 0x2c, 0x40, 0x2e, 0x21, 0x64,
  0x55, 0x3d, 0xbb, 0x63, 0x49, 0xd9, 0x5c, 0x46, 0xc9, 0x49, 0x3f, 0x99,
  0x48, 0x5d, 0x87, 0x66, 0xa5, 0xba, 0x7c, 0xd4, 0xe8, 0x7e, 0xd8, 0xed,
  0x7c, 0xd3, 0xe8, 0x7a, 0xcf, 0xe5, 0x79, 0xcf, 0xe4, 0x7c, 0xd5, 0xe9,
  0x81, 0xde, 0xf3, 0x83, 0xe3, 0xf8, 0x83, 0xe2, 0xf7, 0x7b, 0xd2, 0xe5,
  0x63, 0xa5, 0xb3, 0x47, 0x6d, 0x78, 0x30, 0x40, 0x54, 0x1d, 0x24, 0x45,
  0x17, 0x1c, 0x42, 0x1d, 0x23, 0x54, 0x27, 0x30, 0x74, 0x2b, 0x36, 0x7a,
  0x35, 0x4e, 0x6f, 0x5f, 0xa0, 0xad, 0x6b, 0xb5, 0xc5, 0x69, 0x85, 0x8b,
  0xbd, 0xbd, 0xbd, 0x00, 0x00, 0x00, 0xff, 0xff, 0xff, 0xff, 0xff, 0xff,
  0xc7, 0xc7, 0xc7, 0x6e, 0x86, 0x8b, 0x65, 0xaa, 0xb9, 0x80, 0xdd, 0xf2,
  0x79, 0xcd, 0xe0, 0x47, 0x73, 0x7b, 0x22, 0x2f, 0x2d, 0x3a, 0x4a, 0x57,
  0x47, 0x5c, 0x90, 0x39, 0x4b, 0x9e, 0x34, 0x43, 0xa0, 0x34, 0x43, 0x9f,
  0x34, 0x44, 0x9f, 0x2e, 0x3c, 0x8c, 0x1e, 0x26, 0x5a, 0x16, 0x15, 0x3c,
  0x1e, 0x16, 0x4a, 0x28, 0x1b, 0x5d, 0x2d, 0x1e, 0x65, 0x2e, 0x1e, 0x68,
  0x2e, 0x1e, 0x6a, 0x2e, 0x1e, 0x6b, 0x2a, 0x1b, 0x66, 0x20, 0x14, 0x5a,
  0x19, 0x10, 0x51, 0x19, 0x11, 0x4f, 0x19, 0x11, 0x4d, 0x17, 0x0f, 0x47,
  0x15, 0x0d, 0x42, 0x18, 0x0f, 0x44, 0x19, 0x0f, 0x41, 0x15, 0x0b, 0x36,
  0x0f, 0x08, 0x26, 0x0d, 0x07, 0x1e, 0x12, 0x0b, 0x2e, 0x15, 0x0d, 0x37,
  0x14, 0x10, 0x28, 0x32, 0x39, 0x33, 0x52, 0x65, 0x5a, 0x30, 0x3e, 0x55,
  0x10, 0x16, 0x4a, 0x19, 0x1e, 0x5a, 0x1d, 0x22, 0x61, 0x1d, 0x22, 0x60,
  0x12, 0x19, 0x4f, 0x09, 0x10, 0x3f, 0x09, 0x10, 0x3c, 0x0b, 0x11, 0x41,
  0x15, 0x1b, 0x58, 0x1e, 0x22, 0x69, 0x1f, 0x22, 0x69, 0x21, 0x23, 0x69,
  0x20, 0x23, 0x68, 0x1f, 0x21, 0x67, 0x1b, 0x1e, 0x60, 0x14, 0x18, 0x51,
  0x0b, 0x0d, 0x31, 0x07, 0x09, 0x22, 0x11, 0x16, 0x3d, 0x27, 0x37, 0x7d,
  0x40, 0x69, 0xc3, 0x41, 0x70, 0xa8, 0x27, 0x3b, 0x52, 0x2e, 0x26, 0x61,
  0x54, 0x3c, 0xb3, 0x63, 0x48, 0xd5, 0x51, 0x3d, 0xae, 0x30, 0x2a, 0x66,
  0x31, 0x47, 0x5d, 0x5b, 0x98, 0xa7, 0x7c, 0xd4, 0xe8, 0x84, 0xe3, 0xf8,
  0x83, 0xe2, 0xf7, 0x83, 0xe2, 0xf7, 0x83, 0xe2, 0xf7, 0x83, 0xe3, 0xf8,
  0x83, 0xe3, 0xf8, 0x84, 0xe4, 0xf9, 0x83, 0xe3, 0xf8, 0x82, 0xe1, 0xf6,
  0x7d, 0xd6, 0xe9, 0x68, 0xab, 0xba, 0x3b, 0x59, 0x65, 0x2a, 0x37, 0x51,
  0x2e, 0x3e, 0x77, 0x29, 0x36, 0x82, 0x2c, 0x36, 0x85, 0x2d, 0x37, 0x7d,
  0x30, 0x43, 0x67, 0x58, 0x95, 0xa3, 0x6b, 0xb5, 0xc5, 0x69, 0x85, 0x8b,
  0xbd, 0xbd, 0xbd, 0x00, 0x00, 0x00, 0xff, 0xff, 0xff, 0xff, 0xff, 0xff,
  0xc7, 0xc7, 0xc7, 0x6e, 0x86, 0x8b, 0x65, 0xaa, 0xb9, 0x80, 0xde, 0xf2,
  0x84, 0xe0, 0xf4, 0x50, 0x85, 0x91, 0x31, 0x43, 0x44, 0x47, 0x5b, 0x74,
  0x3f, 0x53, 0x98, 0x35, 0x46, 0x9f, 0x34, 0x43, 0xa0, 0x34, 0x43, 0x9e,
  0x2d, 0x3a, 0x87, 0x1d, 0x24, 0x56, 0x11, 0x13, 0x35, 0x17, 0x12, 0x40,
  0x24, 0x19, 0x5b, 0x2c, 0x1d, 0x68, 0x2f, 0x1f, 0x6c, 0x2f, 0x1f, 0x6d,
  0x30, 0x1f, 0x6e, 0x2f, 0x1f, 0x6e, 0x2b, 0x1c, 0x69, 0x22, 0x16, 0x5d,
  0x1a, 0x11, 0x51, 0x16, 0x0d, 0x46, 0x14, 0x0b, 0x3d, 0x11, 0x09, 0x35,
  0x0f, 0x08, 0x2d, 0x0f, 0x08, 0x2a, 0x10, 0x08, 0x2a, 0x0f, 0x07, 0x25,
  0x0c, 0x07, 0x1f, 0x11, 0x0a, 0x2b, 0x17, 0x0f, 0x3e, 0x16, 0x0e, 0x3e,
  0x1a, 0x19, 0x2d, 0x53, 0x63, 0x50, 0x5a, 0x6e, 0x6e, 0x1f, 0x29, 0x54,
  0x13, 0x18, 0x48, 0x14, 0x18, 0x45, 0x18, 0x1d, 0x4d, 0x16, 0x1c, 0x52,
  0x0c, 0x13, 0x45, 0x08, 0x10, 0x3c, 0x08, 0x10, 0x3c, 0x08, 0x0f, 0x3f,
  0x12, 0x18, 0x55, 0x19, 0x1d, 0x5e, 0x1a, 0x1d, 0x5d, 0x1e, 0x21, 0x64,
  0x1e, 0x21, 0x65, 0x1f, 0x22, 0x69, 0x20, 0x22, 0x68, 0x1d, 0x1f, 0x64,
  0x17, 0x19, 0x4e, 0x10, 0x14, 0x3f, 0x0e, 0x13, 0x3f, 0x13, 0x1d, 0x4b,
  0x29, 0x43, 0x89, 0x44, 0x6f, 0xad, 0x39, 0x55, 0x6d, 0x27, 0x25, 0x4e,
  0x42, 0x2d, 0x8f, 0x50, 0x39, 0xab, 0x35, 0x29, 0x76, 0x1c, 0x1c, 0x49,
  0x1d, 0x28, 0x47, 0x33, 0x52, 0x66, 0x57, 0x92, 0xa3, 0x78, 0xcd, 0xe1,
  0x84, 0xe3, 0xf9, 0x84, 0xe4, 0xf9, 0x84, 0xe4, 0xf9, 0x84, 0xe4, 0xf9,
  0x84, 0xe4, 0xf9, 0x84, 0xe4, 0xf9, 0x84, 0xe4, 0xf9, 0x83, 0xe4, 0xf8,
  0x83, 0xe3, 0xf7, 0x76, 0xc8, 0xda, 0x4c, 0x77, 0x84, 0x3e, 0x53, 0x6e,
  0x3f, 0x55, 0x9a, 0x2f, 0x3f, 0x95, 0x2d, 0x36, 0x83, 0x27, 0x2e, 0x68,
  0x26, 0x36, 0x50, 0x55, 0x8f, 0x9e, 0x6b, 0xb5, 0xc5, 0x69, 0x85, 0x8b,
  0xbd, 0xbd, 0xbd, 0x00, 0x00, 0x00, 0xff, 0xff, 0xff, 0xff, 0xff, 0xff,
  0xc7, 0xc7, 0xc7, 0x6e, 0x86, 0x8b, 0x65, 0xaa, 0xb9, 0x80, 0xde, 0xf2,
  0x84, 0xe3, 0xf8, 0x55, 0x90, 0x9c, 0x36, 0x4a, 0x4c, 0x48, 0x5c, 0x73,
  0x41, 0x55, 0x97, 0x36, 0x47, 0x9e, 0x30, 0x3d, 0x8f, 0x25, 0x2f, 0x6e,
  0x1a, 0x1f, 0x4a, 0x12, 0x12, 0x35, 0x13, 0x0e, 0x3a, 0x1b, 0x13, 0x4e,
  0x28, 0x1d, 0x62, 0x31, 0x24, 0x6c, 0x30, 0x22, 0x6e, 0x2f, 0x1f, 0x6e,
  0x2f, 0x1e, 0x6e, 0x2e, 0x1e, 0x6c, 0x29, 0x1a, 0x62, 0x1d, 0x12, 0x4b,
  0x11, 0x0a, 0x33, 0x0b, 0x06, 0x23, 0x08, 0x03, 0x1a, 0x07, 0x03, 0x16,
  0x06, 0x03, 0x13, 0x07, 0x04, 0x14, 0x0c, 0x08, 0x1d, 0x14, 0x0f, 0x2a,
  0x17, 0x10, 0x33, 0x18, 0x0e, 0x3c, 0x19, 0x10, 0x44, 0x1a, 0x13, 0x41,
  0x2d, 0x31, 0x3c, 0x65, 0x7a, 0x64, 0x55, 0x67, 0x73, 0x18, 0x1e, 0x4f,
  0x15, 0x19, 0x45, 0x1d, 0x20, 0x51, 0x1e, 0x22, 0x59, 0x13, 0x18, 0x4c,
  0x0c, 0x10, 0x3e, 0x0c, 0x10, 0x3a, 0x0c, 0x10, 0x3a, 0x0a, 0x0f, 0x3e,
  0x11, 0x18, 0x55, 0x1d, 0x20, 0x5f, 0x1a, 0x1b, 0x52, 0x1f, 0x20, 0x5b,
  0x27, 0x29, 0x6e, 0x20, 0x22, 0x64, 0x1c, 0x1e, 0x5e, 0x1f, 0x21, 0x69,
  0x1f, 0x21, 0x64, 0x1b, 0x1e, 0x5a, 0x13, 0x18, 0x4f, 0x0e, 0x14, 0x41,
  0x15, 0x23, 0x53, 0x35, 0x54, 0x85, 0x37, 0x53, 0x6f, 0x1c, 0x1e, 0x3c,
  0x26, 0x18, 0x57, 0x2f, 0x23, 0x69, 0x21, 0x20, 0x53, 0x19, 0x1f, 0x4a,
  0x19, 0x22, 0x4b, 0x1b, 0x27, 0x46, 0x2e, 0x49, 0x5c, 0x57, 0x92, 0xa2,
  0x7a, 0xd0, 0xe5, 0x84, 0xe3, 0xf9, 0x84, 0xe4, 0xf9, 0x84, 0xe4, 0xf9,
  0x84, 0xe4, 0xf9, 0x84, 0xe4, 0xf9, 0x84, 0xe4, 0xf9, 0x84, 0xe4, 0xf9,
  0x84, 0xe4, 0xf9, 0x78, 0xce, 0xe0, 0x51, 0x81, 0x8d, 0x40, 0x56, 0x6b,
  0x40, 0x57, 0x96, 0x31, 0x42, 0x99, 0x2d, 0x36, 0x83, 0x25, 0x2d, 0x63,
  0x24, 0x34, 0x4a, 0x55, 0x8e, 0x9c, 0x6c, 0xb5, 0xc5, 0x69, 0x85, 0x8b,
  0xbd, 0xbd, 0xbd, 0x00, 0x00, 0x00, 0xff, 0xff, 0xff, 0xff, 0xff, 0xff,
  0xc7, 0xc7, 0xc7, 0x6e, 0x86, 0x8b, 0x65, 0xaa, 0xb9, 0x80, 0xde, 0xf2,
  0x83, 0xe4, 0xf8, 0x65, 0xab, 0xba, 0x38, 0x54, 0x58, 0x2a, 0x35, 0x40,
  0x26, 0x31, 0x51, 0x1f, 0x28, 0x55, 0x19, 0x1f, 0x48, 0x11, 0x14, 0x31,
  0x0f, 0x0e, 0x2c, 0x14, 0x0f, 0x3c, 0x18, 0x11, 0x4a, 0x1d, 0x16, 0x53,
  0x2b, 0x24, 0x61, 0x32, 0x2a, 0x6a, 0x29, 0x1f, 0x5f, 0x1e, 0x15, 0x4c,
  0x1b, 0x12, 0x44, 0x20, 0x15, 0x48, 0x21, 0x16, 0x47, 0x18, 0x0f, 0x37,
  0x0e, 0x07, 0x26, 0x0b, 0x06, 0x21, 0x0e, 0x08, 0x26, 0x11, 0x0a, 0x2d,
  0x11, 0x0a, 0x31, 0x13, 0x0b, 0x33, 0x19, 0x10, 0x3d, 0x23, 0x1b, 0x4f,
  0x27, 0x1d, 0x57, 0x1f, 0x15, 0x4f, 0x18, 0x10, 0x44, 0x1d, 0x19, 0x3a,
  0x4a, 0x55, 0x4f, 0x71, 0x88, 0x72, 0x42, 0x51, 0x66, 0x0f, 0x13, 0x3d,
  0x15, 0x18, 0x43, 0x28, 0x2a, 0x6c, 0x20, 0x22, 0x5c, 0x0b, 0x0d, 0x32,
  0x0a, 0x0b, 0x2c, 0x11, 0x12, 0x38, 0x11, 0x13, 0x39, 0x0a, 0x0d, 0x33,
  0x13, 0x16, 0x4c, 0x1c, 0x1e, 0x57, 0x1e, 0x1e, 0x52, 0x2b, 0x2b, 0x6d,
  0x32, 0x33, 0x7e, 0x21, 0x25, 0x61, 0x19, 0x1d, 0x53, 0x1f, 0x22, 0x68,
  0x20, 0x23, 0x6b, 0x1f, 0x21, 0x67, 0x1a, 0x1d, 0x5c, 0x12, 0x18, 0x4d,
  0x0f, 0x16, 0x42, 0x1e, 0x2c, 0x51, 0x20, 0x2f, 0x48, 0x10, 0x11, 0x26,
  0x11, 0x0b, 0x2b, 0x17, 0x15, 0x3c, 0x19, 0x1e, 0x49, 0x1a, 0x22, 0x50,
  0x19, 0x22, 0x4e, 0x14, 0x1b, 0x3f, 0x13, 0x1c, 0x2f, 0x30, 0x4e, 0x58,
  0x62, 0xa5, 0xb5, 0x7e, 0xda, 0xf0, 0x82, 0xe3, 0xf9, 0x83, 0xe4, 0xf9,
  0x84, 0xe3, 0xf9, 0x84, 0xe3, 0xf9, 0x84, 0xe4, 0xf9, 0x84, 0xe4, 0xf9,
  0x84, 0xe4, 0xf9, 0x7a, 0xd1, 0xe4, 0x56, 0x8c, 0x97, 0x3c, 0x53, 0x60,
  0x3f, 0x54, 0x86, 0x39, 0x4b, 0x9e, 0x2f, 0x39, 0x8b, 0x2b, 0x35, 0x75,
  0x26, 0x36, 0x57, 0x52, 0x87, 0x98, 0x6b, 0xb2, 0xc2, 0x69, 0x85, 0x8b,
  0xbd, 0xbd, 0xbd, 0x00, 0x00, 0x00, 0xff, 0xff, 0xff, 0xff, 0xff, 0xff,
  0xc7, 0xc7, 0xc7, 0x6e, 0x86, 0x8b, 0x65, 0xaa, 0xb9, 0x80, 0xde, 0xf2,
  0x83, 0xe4, 0xf9, 0x78, 0xcf, 0xe1, 0x5c, 0x9b, 0xa7, 0x3a, 0x5e, 0x66,
  0x30, 0x41, 0x45, 0x42, 0x4f, 0x4a, 0x3f, 0x4a, 0x4a, 0x22, 0x25, 0x37,
  0x14, 0x10, 0x35, 0x17, 0x10, 0x47, 0x1a, 0x12, 0x50, 0x28, 0x24, 0x5a,
  0x3a, 0x37, 0x69, 0x36, 0x2e, 0x6c, 0x28, 0x1d, 0x5f, 0x1e, 0x16, 0x4b,
  0x17, 0x11, 0x38, 0x17, 0x11, 0x31, 0x1e, 0x16, 0x3b, 0x1f, 0x14, 0x40,
  0x19, 0x0f, 0x3e, 0x18, 0x0e, 0x41, 0x1b, 0x10, 0x4a, 0x1f, 0x11, 0x51,
  0x1f, 0x12, 0x54, 0x20, 0x12, 0x55, 0x23, 0x15, 0x5a, 0x2a, 0x1e, 0x66,
  0x2e, 0x24, 0x6d, 0x28, 0x1e, 0x63, 0x1c, 0x14, 0x4b, 0x1e, 0x1e, 0x33,
  0x5b, 0x6e, 0x58, 0x6b, 0x84, 0x73, 0x2a, 0x36, 0x54, 0x0a, 0x0d, 0x31,
  0x15, 0x18, 0x3b, 0x2c, 0x30, 0x73, 0x2a, 0x2e, 0x74, 0x17, 0x1b, 0x4a,
  0x12, 0x15, 0x3d, 0x1b, 0x1c, 0x4f, 0x1d, 0x1d, 0x53, 0x13, 0x17, 0x49,
  0x1c, 0x21, 0x60, 0x27, 0x2a, 0x6e, 0x2a, 0x2c, 0x6e, 0x35, 0x35, 0x84,
  0x30, 0x31, 0x7a, 0x1e, 0x22, 0x59, 0x1a, 0x1e, 0x56, 0x20, 0x22, 0x68,
  0x20, 0x23, 0x6c, 0x20, 0x23, 0x6b, 0x1f, 0x21, 0x66, 0x18, 0x1c, 0x5a,
  0x11, 0x16, 0x4a, 0x11, 0x16, 0x3c, 0x0d, 0x11, 0x25, 0x06, 0x06, 0x11,
  0x0a, 0x09, 0x1b, 0x12, 0x16, 0x37, 0x18, 0x1f, 0x4d, 0x19, 0x22, 0x53,
  0x19, 0x22, 0x51, 0x16, 0x1d, 0x47, 0x11, 0x17, 0x37, 0x1a, 0x26, 0x3b,
  0x32, 0x51, 0x60, 0x4b, 0x80, 0x8e, 0x66, 0xaf, 0xbe, 0x7c, 0xd6, 0xe9,
  0x83, 0xe3, 0xf9, 0x84, 0xe3, 0xf9, 0x84, 0xe4, 0xf9, 0x84, 0xe4, 0xf9,
  0x84, 0xe4, 0xf9, 0x7f, 0xdb, 0xef, 0x66, 0xa9, 0xb8, 0x3b, 0x58, 0x63,
  0x39, 0x4b, 0x6c, 0x3f, 0x54, 0x9d, 0x2f, 0x3c, 0x94, 0x2d, 0x36, 0x81,
  0x26, 0x32, 0x5d, 0x4e, 0x7e, 0x90, 0x6a, 0xae, 0xbd, 0x69, 0x85, 0x8b,
  0xbd, 0xbd, 0xbd, 0x00, 0x00, 0x00, 0xff, 0xff, 0xff, 0xff, 0xff, 0xff,
  0xc7, 0xc7, 0xc7, 0x6e, 0x86, 0x8b, 0x65, 0xaa, 0xb9, 0x80, 0xde, 0xf2,
  0x84, 0xe4, 0xf9, 0x82, 0xe1, 0xf5, 0x7c, 0xd6, 0xe9, 0x6b, 0xb4, 0xc3,
  0x55, 0x7d, 0x7f, 0x68, 0x81, 0x68, 0x7e, 0x9a, 0x79, 0x53, 0x62, 0x5f,
  0x22, 0x21, 0x43, 0x18, 0x11, 0x49, 0x1a, 0x12, 0x50, 0x2e, 0x2d, 0x5d,
  0x41, 0x40, 0x6e, 0x38, 0x2d, 0x6d, 0x2e, 0x1f, 0x66, 0x28, 0x1c, 0x5b,
  0x20, 0x17, 0x49, 0x1b, 0x13, 0x3a, 0x1b, 0x14, 0x36, 0x1b, 0x12, 0x38,
  0x1c, 0x11, 0x44, 0x1f, 0x12, 0x53, 0x21, 0x13, 0x59, 0x22, 0x13, 0x5b,
  0x23, 0x14, 0x5c, 0x22, 0x14, 0x5d, 0x23, 0x15, 0x5e, 0x28, 0x1a, 0x65,
  0x2e, 0x22, 0x6e, 0x2f, 0x24, 0x70, 0x29, 0x20, 0x5f, 0x32, 0x35, 0x45,
  0x6b, 0x83, 0x64, 0x62, 0x7a, 0x70, 0x20, 0x28, 0x50, 0x0e, 0x10, 0x35,
  0x14, 0x16, 0x2d, 0x25, 0x28, 0x58, 0x2c, 0x2f, 0x77, 0x24, 0x28, 0x6e,
  0x1a, 0x1d, 0x5a, 0x1f, 0x22, 0x63, 0x26, 0x28, 0x73, 0x1e, 0x23, 0x6e,
  0x20, 0x27, 0x75, 0x2a, 0x30, 0x7e, 0x31, 0x34, 0x82, 0x36, 0x36, 0x87,
  0x26, 0x25, 0x61, 0x17, 0x19, 0x49, 0x1c, 0x20, 0x5e, 0x20, 0x23, 0x6a,
  0x23, 0x28, 0x6f, 0x23, 0x29, 0x70, 0x22, 0x23, 0x6b, 0x1e, 0x20, 0x65,
  0x17, 0x1b, 0x57, 0x10, 0x14, 0x44, 0x08, 0x0b, 0x25, 0x03, 0x03, 0x0d,
  0x09, 0x0b, 0x1d, 0x14, 0x1a, 0x41, 0x18, 0x21, 0x52, 0x19, 0x22, 0x53,
  0x19, 0x22, 0x53, 0x18, 0x21, 0x51, 0x17, 0x1f, 0x4d, 0x16, 0x1f, 0x47,
  0x17, 0x21, 0x42, 0x1f, 0x2e, 0x47, 0x31, 0x4e, 0x5d, 0x4e, 0x81, 0x8e,
  0x6e, 0xbb, 0xcc, 0x81, 0xdd, 0xf1, 0x84, 0xe4, 0xf9, 0x84, 0xe4, 0xf9,
  0x84, 0xe4, 0xf9, 0x83, 0xe2, 0xf6, 0x78, 0xcb, 0xdd, 0x53, 0x86, 0x92,
  0x3a, 0x51, 0x61, 0x43, 0x58, 0x86, 0x3d, 0x4f, 0x9e, 0x2c, 0x36, 0x87,
  0x23, 0x2d, 0x5b, 0x4c, 0x7a, 0x8d, 0x69, 0xad, 0xbc, 0x69, 0x85, 0x8b,
  0xbd, 0xbd, 0xbd, 0x00, 0x00, 0x00, 0xff, 0xff, 0xff, 0xff, 0xff, 0xff,
  0xc7, 0xc7, 0xc7, 0x6e, 0x86, 0x8b, 0x65, 0xaa, 0xb9, 0x80, 0xde, 0xf2,
  0x84, 0xe4, 0xf9, 0x83, 0xe4, 0xf8, 0x84, 0xe3, 0xf8, 0x82, 0xdd, 0xf0,
  0x6d, 0xb0, 0xba, 0x6c, 0x94, 0x83, 0x8c, 0xb0, 0x85, 0x79, 0x94, 0x76,
  0x3b, 0x42, 0x4c, 0x19, 0x13, 0x3c, 0x22, 0x1f, 0x48, 0x38, 0x3c, 0x58,
  0x38, 0x36, 0x5a, 0x2d, 0x21, 0x57, 0x29, 0x1a, 0x55, 0x26, 0x18, 0x50,
  0x23, 0x16, 0x48, 0x20, 0x14, 0x41, 0x1c, 0x12, 0x38, 0x18, 0x0f, 0x31,
  0x16, 0x0d, 0x33, 0x19, 0x11, 0x3b, 0x22, 0x1a, 0x4a, 0x26, 0x1d, 0x57,
  0x23, 0x17, 0x5c, 0x21, 0x14, 0x5d, 0x22, 0x14, 0x5d, 0x24, 0x16, 0x5f,
  0x29, 0x1d, 0x68, 0x30, 0x24, 0x71, 0x30, 0x28, 0x6a, 0x3b, 0x40, 0x50,
  0x71, 0x8a, 0x69, 0x61, 0x77, 0x71, 0x20, 0x28, 0x56, 0x16, 0x19, 0x4b,
  0x12, 0x15, 0x31, 0x13, 0x15, 0x2e, 0x16, 0x18, 0x3e, 0x16, 0x18, 0x45,
  0x0f, 0x11, 0x39, 0x11, 0x13, 0x3b, 0x17, 0x19, 0x4b, 0x15, 0x18, 0x4e,
  0x1e, 0x23, 0x61, 0x28, 0x2e, 0x77, 0x27, 0x2c, 0x74, 0x23, 0x25, 0x5f,
  0x16, 0x17, 0x42, 0x15, 0x18, 0x4a, 0x1e, 0x22, 0x65, 0x1f, 0x23, 0x6b,
  0x24, 0x2c, 0x71, 0x26, 0x2e, 0x72, 0x23, 0x25, 0x6d, 0x21, 0x22, 0x6a,
  0x1d, 0x20, 0x63, 0x15, 0x1a, 0x53, 0x0c, 0x11, 0x39, 0x08, 0x0a, 0x21,
  0x0d, 0x11, 0x2c, 0x15, 0x1d, 0x49, 0x1b, 0x24, 0x57, 0x20, 0x2b, 0x5e,
  0x2a, 0x3a, 0x6e, 0x31, 0x46, 0x7b, 0x25, 0x39, 0x6d, 0x18, 0x26, 0x59,
  0x16, 0x1f, 0x51, 0x17, 0x1e, 0x4a, 0x17, 0x1f, 0x40, 0x26, 0x3a, 0x4f,
  0x50, 0x84, 0x95, 0x78, 0xcc, 0xdf, 0x84, 0xe4, 0xf9, 0x84, 0xe4, 0xf9,
  0x84, 0xe4, 0xf9, 0x84, 0xe3, 0xf8, 0x81, 0xde, 0xf2, 0x73, 0xbf, 0xd0,
  0x54, 0x82, 0x8f, 0x3c, 0x53, 0x66, 0x2b, 0x37, 0x5f, 0x1d, 0x23, 0x54,
  0x22, 0x30, 0x4c, 0x53, 0x8a, 0x9a, 0x6a, 0xb1, 0xc1, 0x69, 0x85, 0x8b,
  0xbd, 0xbd, 0xbd, 0x00, 0x00, 0x00, 0xff, 0xff, 0xff, 0xff, 0xff, 0xff,
  0xc7, 0xc7, 0xc7, 0x6e, 0x86, 0x8b, 0x65, 0xaa, 0xb9, 0x80, 0xde, 0xf2,
  0x84, 0xe4, 0xf9, 0x84, 0xe4, 0xf9, 0x84, 0xe4, 0xf9, 0x84, 0xe3, 0xf8,
  0x7c, 0xd2, 0xe4, 0x6a, 0xa5, 0xa6, 0x78, 0xa0, 0x82, 0x8c, 0xae, 0x83,
  0x5c, 0x6e, 0x5e, 0x1f, 0x20, 0x33, 0x2d, 0x31, 0x41, 0x44, 0x4b, 0x52,
  0x2d, 0x2a, 0x44, 0x20, 0x14, 0x40, 0x23, 0x15, 0x44, 0x22, 0x14, 0x43,
  0x22, 0x14, 0x42, 0x21, 0x14, 0x41, 0x20, 0x13, 0x3e, 0x1c, 0x10, 0x38,
  0x14, 0x0a, 0x2d, 0x11, 0x0b, 0x29, 0x19, 0x15, 0x30, 0x21, 0x1e, 0x3d,
  0x32, 0x31, 0x53, 0x42, 0x40, 0x6a, 0x33, 0x2c, 0x66, 0x22, 0x16, 0x5c,
  0x25, 0x18, 0x61, 0x2d, 0x21, 0x6a, 0x2d, 0x23, 0x61, 0x31, 0x34, 0x44,
  0x69, 0x81, 0x62, 0x61, 0x79, 0x70, 0x24, 0x2c, 0x5a, 0x1b, 0x21, 0x5d,
  0x13, 0x19, 0x46, 0x0b, 0x0e, 0x2c, 0x09, 0x0b, 0x21, 0x06, 0x08, 0x18,
  0x03, 0x03, 0x0e, 0x03, 0x04, 0x10, 0x05, 0x06, 0x19, 0x06, 0x07, 0x1c,
  0x10, 0x12, 0x2d, 0x17, 0x1a, 0x41, 0x11, 0x15, 0x3b, 0x0e, 0x10, 0x31,
  0x11, 0x13, 0x3e, 0x1a, 0x1d, 0x5b, 0x1e, 0x23, 0x69, 0x23, 0x2a, 0x71,
  0x27, 0x32, 0x73, 0x25, 0x2c, 0x6e, 0x23, 0x24, 0x6c, 0x22, 0x23, 0x6b,
  0x21, 0x22, 0x69, 0x1b, 0x1e, 0x5f, 0x13, 0x17, 0x4c, 0x0d, 0x10, 0x35,
  0x10, 0x13, 0x34, 0x16, 0x1d, 0x49, 0x1f, 0x2a, 0x5d, 0x2a, 0x3a, 0x6e,
  0x3d, 0x5a, 0x90, 0x50, 0x7c, 0xb6, 0x4a, 0x78, 0xb3, 0x3e, 0x64, 0x9e,
  0x3c, 0x5b, 0x94, 0x33, 0x4b, 0x82, 0x1f, 0x2e, 0x5d, 0x1e, 0x2d, 0x4e,
  0x43, 0x6c, 0x80, 0x71, 0xc0, 0xd3, 0x84, 0xe4, 0xf9, 0x84, 0xe4, 0xf9,
  0x84, 0xe4, 0xf9, 0x83, 0xe3, 0xf9, 0x83, 0xe3, 0xf8, 0x81, 0xdc, 0xf1,
  0x73, 0xc1, 0xd2, 0x57, 0x8f, 0x9d, 0x44, 0x6f, 0x80, 0x41, 0x6c, 0x80,
  0x4d, 0x80, 0x91, 0x6b, 0xb6, 0xc7, 0x6b, 0xb4, 0xc4, 0x69, 0x85, 0x8b,
  0xbd, 0xbd, 0xbd, 0x00, 0x00, 0x00, 0xff, 0xff, 0xff, 0xff, 0xff, 0xff,
  0xc7, 0xc7, 0xc7, 0x6e, 0x86, 0x8b, 0x65, 0xaa, 0xb9, 0x80, 0xde, 0xf2,
  0x84, 0xe4, 0xf9, 0x84, 0xe4, 0xf9, 0x84, 0xe4, 0xf9, 0x84, 0xe4, 0xf9,
  0x82, 0xe1, 0xf6, 0x74, 0xc4, 0xd3, 0x6c, 0x9f, 0x99, 0x85, 0xa8, 0x84,
  0x76, 0x8e, 0x6f, 0x42, 0x4c, 0x49, 0x42, 0x4c, 0x4c, 0x41, 0x48, 0x4d,
  0x23, 0x1e, 0x39, 0x1c, 0x10, 0x3a, 0x21, 0x13, 0x40, 0x22, 0x14, 0x41,
  0x22, 0x14, 0x41, 0x22, 0x14, 0x41, 0x21, 0x14, 0x40, 0x1d, 0x10, 0x3b,
  0x14, 0x09, 0x31, 0x10, 0x07, 0x2a, 0x10, 0x08, 0x28, 0x15, 0x11, 0x29,
  0x2a, 0x2c, 0x39, 0x47, 0x4c, 0x55, 0x55, 0x5d, 0x6c, 0x50, 0x55, 0x70,
  0x34, 0x32, 0x5c, 0x24, 0x1b, 0x50, 0x25, 0x1a, 0x4d, 0x23, 0x23, 0x33,
  0x53, 0x68, 0x4d, 0x6e, 0x8a, 0x72, 0x3d, 0x4b, 0x68, 0x1f, 0x27, 0x63,
  0x18, 0x22, 0x59, 0x11, 0x16, 0x46, 0x0b, 0x0f, 0x35, 0x06, 0x09, 0x26,
  0x03, 0x03, 0x13, 0x03, 0x03, 0x15, 0x08, 0x07, 0x25, 0x08, 0x09, 0x23,
  0x0a, 0x0d, 0x26, 0x0a, 0x0b, 0x21, 0x0a, 0x0b, 0x20, 0x11, 0x14, 0x38,
  0x19, 0x1c, 0x54, 0x1e, 0x22, 0x67, 0x1f, 0x26, 0x6d, 0x20, 0x2a, 0x68,
  0x21, 0x29, 0x62, 0x21, 0x25, 0x66, 0x21, 0x23, 0x6b, 0x22, 0x23, 0x6b,
  0x22, 0x23, 0x6a, 0x1f, 0x21, 0x66, 0x18, 0x1c, 0x58, 0x11, 0x15, 0x40,
  0x10, 0x13, 0x30, 0x14, 0x19, 0x3c, 0x20, 0x2b, 0x5a, 0x35, 0x4a, 0x7c,
  0x4d, 0x74, 0xa9, 0x62, 0x9b, 0xd8, 0x68, 0xa5, 0xe5, 0x66, 0xa0, 0xe0,
  0x65, 0x9c, 0xdb, 0x5a, 0x8b, 0xc9, 0x3d, 0x5e, 0x94, 0x2a, 0x3f, 0x60,
  0x46, 0x71, 0x83, 0x73, 0xc3, 0xd6, 0x84, 0xe4, 0xf9, 0x84, 0xe4, 0xf9,
  0x84, 0xe4, 0xf9, 0x83, 0xe3, 0xf9, 0x83, 0xe3, 0xf9, 0x83, 0xe3, 0xf8,
  0x81, 0xdf, 0xf3, 0x7b, 0xd4, 0xe6, 0x76, 0xcc, 0xde, 0x76, 0xcc, 0xdf,
  0x79, 0xd1, 0xe4, 0x7e, 0xd8, 0xec, 0x6b, 0xb5, 0xc5, 0x69, 0x85, 0x8b,
  0xbd, 0xbd, 0xbd, 0x00, 0x00, 0x00, 0xff, 0xff, 0xff, 0xff, 0xff, 0xff,
  0xc7, 0xc7, 0xc7, 0x6e, 0x86, 0x8b, 0x65, 0xaa, 0xb9, 0x80, 0xde, 0xf2,
  0x83, 0xe3, 0xf9, 0x83, 0xe3, 0xf9, 0x83, 0xe3, 0xf9, 0x84, 0xe4, 0xf9,
  0x83, 0xe4, 0xf9, 0x80, 0xde, 0xf2, 0x75, 0xbc, 0xc7, 0x78, 0xa3, 0x92,
  0x79, 0x96, 0x76, 0x70, 0x88, 0x6c, 0x60, 0x74, 0x62, 0x35, 0x3b, 0x43,
  0x19, 0x12, 0x32, 0x1b, 0x0f, 0x3a, 0x20, 0x13, 0x40, 0x21, 0x14, 0x41,
  0x21, 0x13, 0x40, 0x21, 0x13, 0x40, 0x20, 0x14, 0x40, 0x1c, 0x10, 0x3b,
  0x14, 0x08, 0x32, 0x10, 0x05, 0x2c, 0x0e, 0x07, 0x29, 0x0e, 0x0b, 0x25,
  0x13, 0x12, 0x24, 0x21, 0x25, 0x2b, 0x3f, 0x4b, 0x45, 0x57, 0x66, 0x5b,
  0x58, 0x68, 0x5f, 0x56, 0x63, 0x63, 0x4b, 0x50, 0x5e, 0x30, 0x36, 0x3b,
  0x4f, 0x64, 0x49, 0x7c, 0x9a, 0x76, 0x51, 0x62, 0x6c, 0x29, 0x34, 0x62,
  0x22, 0x2d, 0x63, 0x16, 0x1b, 0x56, 0x0f, 0x14, 0x48, 0x0d, 0x11, 0x41,
  0x0b, 0x0d, 0x2f, 0x0c, 0x0d, 0x30, 0x0f, 0x11, 0x40, 0x0f, 0x12, 0x3e,
  0x0f, 0x13, 0x3f, 0x0f, 0x11, 0x39, 0x12, 0x12, 0x3a, 0x18, 0x1b, 0x52,
  0x1e, 0x24, 0x67, 0x1f, 0x28, 0x6f, 0x1b, 0x25, 0x63, 0x17, 0x1e, 0x50,
  0x1b, 0x1e, 0x57, 0x20, 0x22, 0x67, 0x22, 0x23, 0x6b, 0x22, 0x23, 0x6b,
  0x22, 0x23, 0x6b, 0x21, 0x22, 0x69, 0x1c, 0x22, 0x62, 0x18, 0x1f, 0x52,
  0x17, 0x1c, 0x3e, 0x17, 0x1b, 0x39, 0x20, 0x2b, 0x53, 0x3d, 0x54, 0x84,
  0x5d, 0x87, 0xbb, 0x6c, 0xa6, 0xe3, 0x6f, 0xaf, 0xf0, 0x6f, 0xae, 0xef,
  0x6f, 0xae, 0xef, 0x6d, 0xa9, 0xea, 0x56, 0x84, 0xbb, 0x38, 0x55, 0x72,
  0x50, 0x80, 0x8f, 0x7b, 0xce, 0xe1, 0x84, 0xe4, 0xf9, 0x84, 0xe4, 0xf9,
  0x84, 0xe4, 0xf9, 0x84, 0xe4, 0xf9, 0x84, 0xe4, 0xf9, 0x84, 0xe4, 0xf9,
  0x84, 0xe4, 0xf8, 0x83, 0xe3, 0xf8, 0x83, 0xe3, 0xf8, 0x83, 0xe3, 0xf8,
  0x84, 0xe3, 0xf8, 0x81, 0xdf, 0xf3, 0x6b, 0xb5, 0xc5, 0x69, 0x85, 0x8b,
  0xbd, 0xbd, 0xbd, 0x00, 0x00, 0x00, 0xff, 0xff, 0xff, 0xff, 0xff, 0xff,
  0xc7, 0xc7, 0xc7, 0x6e, 0x86, 0x8b, 0x64, 0xaa, 0xb9, 0x7f, 0xdd, 0xf2,
  0x83, 0xe3, 0xf9, 0x83, 0xe3, 0xf9, 0x83, 0xe3, 0xf9, 0x84, 0xe4, 0xf9,
  0x84, 0xe4, 0xf9, 0x84, 0xe3, 0xf8, 0x80, 0xd8, 0xea, 0x74, 0xb2, 0xb6,
  0x6f, 0x92, 0x80, 0x84, 0xa2, 0x7c, 0x83, 0xa1, 0x7b, 0x60, 0x74, 0x61,
  0x4f, 0x5a, 0x56, 0x52, 0x5b, 0x5d, 0x56, 0x5c, 0x63, 0x57, 0x5b, 0x65,
  0x57, 0x5b, 0x65, 0x59, 0x5d, 0x65, 0x59, 0x5f, 0x66, 0x55, 0x5d, 0x63,
  0x50, 0x59, 0x5d, 0x4f, 0x59, 0x59, 0x4f, 0x5b, 0x57, 0x4e, 0x5e, 0x53,
  0x4d, 0x60, 0x50, 0x4f, 0x62, 0x4f, 0x55, 0x6a, 0x51, 0x5a, 0x6f, 0x54,
  0x65, 0x7b, 0x5d, 0x82, 0x9e, 0x7a, 0x86, 0xa2, 0x82, 0x5b, 0x6d, 0x5a,
  0x67, 0x7e, 0x60, 0x6e, 0x87, 0x6c, 0x40, 0x4f, 0x55, 0x42, 0x53, 0x6a,
  0x36, 0x42, 0x6e, 0x16, 0x1a, 0x58, 0x10, 0x15, 0x4e, 0x10, 0x14, 0x4d,
  0x11, 0x14, 0x46, 0x10, 0x13, 0x44, 0x0f, 0x14, 0x4a, 0x0f, 0x15, 0x49,
  0x0f, 0x14, 0x47, 0x15, 0x18, 0x4f, 0x19, 0x1b, 0x56, 0x1f, 0x25, 0x65,
  0x26, 0x30, 0x75, 0x1c, 0x29, 0x62, 0x13, 0x1b, 0x4a, 0x17, 0x1a, 0x4f,
  0x1f, 0x20, 0x63, 0x22, 0x22, 0x6b, 0x22, 0x23, 0x6c, 0x23, 0x23, 0x6c,
  0x23, 0x23, 0x6c, 0x22, 0x23, 0x6a, 0x22, 0x2b, 0x6b, 0x21, 0x31, 0x69,
  0x1f, 0x2b, 0x5a, 0x1b, 0x21, 0x44, 0x1f, 0x28, 0x4c, 0x3f, 0x59, 0x85,
  0x63, 0x91, 0xc6, 0x6f, 0xab, 0xe8, 0x70, 0xaf, 0xf0, 0x70, 0xaf, 0xf0,
  0x70, 0xaf, 0xf0, 0x70, 0xae, 0xf0, 0x5d, 0x8e, 0xc5, 0x3d, 0x5c, 0x77,
  0x4f, 0x7f, 0x8c, 0x79, 0xcc, 0xde, 0x84, 0xe4, 0xf9, 0x84, 0xe4, 0xf9,
  0x83, 0xe3, 0xf8, 0x83, 0xe3, 0xf8, 0x84, 0xe4, 0xf9, 0x84, 0xe4, 0xf9,
  0x84, 0xe4, 0xf9, 0x83, 0xe3, 0xf9, 0x83, 0xe3, 0xf9, 0x84, 0xe4, 0xf9,
  0x84, 0xe4, 0xf9, 0x81, 0xdf, 0xf4, 0x6b, 0xb5, 0xc5, 0x69, 0x85, 0x8b,
  0xbd, 0xbd, 0xbd, 0x00, 0x00, 0x00, 0xff, 0xff, 0xff, 0xff, 0xff, 0xff,
  0xc7, 0xc7, 0xc7, 0x6e, 0x86, 0x8b, 0x64, 0xaa, 0xb9, 0x7f, 0xdd, 0xf2,
  0x83, 0xe3, 0xf8, 0x83, 0xe3, 0xf9, 0x83, 0xe3, 0xf9, 0x84, 0xe4, 0xf9,
  0x84, 0xe4, 0xf9, 0x84, 0xe4, 0xf9, 0x83, 0xe2, 0xf7, 0x79, 0xcb, 0xdc,
  0x72, 0xaf, 0xb2, 0x7d, 0xac, 0x9c, 0x79, 0x9d, 0x80, 0x65, 0x7e, 0x5f,
  0x5c, 0x71, 0x54, 0x5e, 0x73, 0x56, 0x61, 0x76, 0x5b, 0x67, 0x7c, 0x62,
  0x76, 0x8d, 0x70, 0x8c, 0xa6, 0x84, 0x95, 0xaf, 0x8c, 0x88, 0xa4, 0x81,
  0x74, 0x8f, 0x6d, 0x65, 0x7d, 0x5e, 0x60, 0x76, 0x58, 0x5f, 0x76, 0x57,
  0x5f, 0x76, 0x57, 0x5f, 0x76, 0x56, 0x5d, 0x75, 0x54, 0x52, 0x66, 0x4b,
  0x3c, 0x49, 0x37, 0x4b, 0x5b, 0x45, 0x63, 0x7a, 0x5b, 0x53, 0x67, 0x4d,
  0x6d, 0x86, 0x65, 0x58, 0x6e, 0x5e, 0x24, 0x2e, 0x3a, 0x3f, 0x4d, 0x5b,
  0x36, 0x41, 0x68, 0x14, 0x19, 0x53, 0x0f, 0x14, 0x4a, 0x13, 0x18, 0x51,
  0x12, 0x17, 0x50, 0x0d, 0x13, 0x49, 0x0e, 0x15, 0x4b, 0x0f, 0x15, 0x4b,
  0x11, 0x16, 0x4d, 0x19, 0x1d, 0x5a, 0x19, 0x1d, 0x58, 0x1f, 0x24, 0x5e,
  0x2c, 0x37, 0x73, 0x1f, 0x2a, 0x55, 0x15, 0x19, 0x44, 0x1d, 0x1f, 0x60,
  0x22, 0x22, 0x6a, 0x23, 0x23, 0x6c, 0x23, 0x23, 0x6c, 0x23, 0x23, 0x6c,
  0x23, 0x23, 0x6c, 0x21, 0x23, 0x6b, 0x2e, 0x3e, 0x7c, 0x3f, 0x65, 0x96,
  0x38, 0x59, 0x87, 0x1f, 0x2b, 0x52, 0x1a, 0x23, 0x43, 0x3d, 0x5a, 0x84,
  0x64, 0x98, 0xcf, 0x70, 0xad, 0xec, 0x70, 0xaf, 0xf0, 0x70, 0xaf, 0xf0,
  0x70, 0xaf, 0xf0, 0x70, 0xae, 0xf0, 0x60, 0x93, 0xca, 0x40, 0x60, 0x7d,
  0x4a, 0x75, 0x82, 0x73, 0xc2, 0xd4, 0x84, 0xe4, 0xf9, 0x84, 0xe4, 0xf9,
  0x83, 0xe3, 0xf8, 0x83, 0xe3, 0xf8, 0x84, 0xe4, 0xf9, 0x84, 0xe4, 0xf9,
  0x84, 0xe4, 0xf9, 0x84, 0xe4, 0xf9, 0x83, 0xe3, 0xf9, 0x83, 0xe3, 0xf9,
  0x84, 0xe4, 0xf9, 0x81, 0xdf, 0xf4, 0x6b, 0xb5, 0xc5, 0x69, 0x85, 0x8b,
  0xbd, 0xbd, 0xbd, 0x00, 0x00, 0x00, 0xff, 0xff, 0xff, 0xff, 0xff, 0xff,
  0xc7, 0xc7, 0xc7, 0x6e, 0x86, 0x8b, 0x64, 0xaa, 0xb9, 0x7f, 0xdd, 0xf2,
  0x83, 0xe3, 0xf8, 0x83, 0xe3, 0xf9, 0x84, 0xe4, 0xf9, 0x84, 0xe4, 0xf9,
  0x84, 0xe4, 0xf9, 0x84, 0xe4, 0xf9, 0x84, 0xe4, 0xf9, 0x81, 0xdf, 0xf4,
  0x80, 0xd9, 0xeb, 0x7a, 0xc9, 0xd4, 0x65, 0xa0, 0xa4, 0x4e, 0x79, 0x79,
  0x46, 0x6c, 0x6a, 0x49, 0x6d, 0x68, 0x4e, 0x6e, 0x67, 0x53, 0x71, 0x67,
  0x69, 0x8a, 0x7a, 0x8a, 0xb0, 0x9b, 0x96, 0xc0, 0xab, 0x85, 0xb0, 0xa0,
  0x66, 0x91, 0x86, 0x4f, 0x79, 0x72, 0x46, 0x6f, 0x6b, 0x45, 0x6d, 0x6c,
  0x40, 0x64, 0x62, 0x36, 0x4c, 0x45, 0x37, 0x44, 0x38, 0x2c, 0x37, 0x36,
  0x14, 0x1c, 0x29, 0x15, 0x1c, 0x28, 0x1a, 0x22, 0x23, 0x24, 0x2f, 0x23,
  0x63, 0x7c, 0x5c, 0x59, 0x6f, 0x67, 0x1d, 0x24, 0x46, 0x26, 0x30, 0x54,
  0x22, 0x2b, 0x51, 0x11, 0x19, 0x3d, 0x23, 0x30, 0x56, 0x31, 0x40, 0x7b,
  0x1b, 0x24, 0x5f, 0x09, 0x11, 0x44, 0x0f, 0x17, 0x4f, 0x12, 0x18, 0x50,
  0x15, 0x1a, 0x51, 0x1a, 0x1d, 0x53, 0x19, 0x1e, 0x53, 0x1f, 0x24, 0x60,
  0x2c, 0x35, 0x79, 0x2c, 0x35, 0x71, 0x1f, 0x26, 0x61, 0x1f, 0x23, 0x69,
  0x22, 0x23, 0x6c, 0x22, 0x23, 0x6c, 0x22, 0x23, 0x6c, 0x23, 0x23, 0x6b,
  0x22, 0x23, 0x6a, 0x21, 0x28, 0x6d, 0x3d, 0x5d, 0x93, 0x65, 0xa7, 0xca,
  0x5c, 0x9a, 0xbe, 0x2d, 0x48, 0x6a, 0x1a, 0x27, 0x41, 0x3b, 0x5b, 0x84,
  0x63, 0x9a, 0xd3, 0x70, 0xae, 0xed, 0x70, 0xae, 0xee, 0x70, 0xae, 0xef,
  0x70, 0xaf, 0xf0, 0x70, 0xae, 0xef, 0x5e, 0x92, 0xc7, 0x3c, 0x59, 0x73,
  0x42, 0x68, 0x73, 0x6f, 0xbb, 0xcc, 0x84, 0xe4, 0xf9, 0x84, 0xe4, 0xf9,
  0x83, 0xe3, 0xf8, 0x83, 0xe3, 0xf8, 0x84, 0xe4, 0xf9, 0x84, 0xe4, 0xf9,
  0x84, 0xe4, 0xf9, 0x84, 0xe4, 0xf9, 0x83, 0xe3, 0xf9, 0x83, 0xe3, 0xf9,
  0x84, 0xe4, 0xf9, 0x81, 0xdf, 0xf4, 0x6b, 0xb5, 0xc5, 0x69, 0x85, 0x8b,
  0xbd, 0xbd, 0xbd, 0x00, 0x00, 0x00, 0xff, 0xff, 0xff, 0xff, 0xff, 0xff,
  0xc7, 0xc7, 0xc7, 0x6e, 0x86, 0x8b, 0x65, 0xaa, 0xb9, 0x80, 0xdd, 0xf2,
  0x83, 0xe3, 0xf8, 0x83, 0xe3, 0xf8, 0x83, 0xe3, 0xf9, 0x84, 0xe4, 0xf9,
  0x84, 0xe4, 0xf9, 0x84, 0xe4, 0xf9, 0x84, 0xe4, 0xf9, 0x84, 0xe4, 0xf9,
  0x83, 0xe3, 0xf8, 0x81, 0xdf, 0xf3, 0x7a, 0xd3, 0xe7, 0x74, 0xc9, 0xdb,
  0x73, 0xc5, 0xd6, 0x77, 0xc5, 0xd4, 0x7a, 0xbf, 0xcd, 0x79, 0xb8, 0xc4,
  0x80, 0xbf, 0xc8, 0x8d, 0xd0, 0xd8, 0x92, 0xd9, 0xe3, 0x8b, 0xd6, 0xe3,
  0x80, 0xcd, 0xdd, 0x76, 0xc7, 0xd7, 0x73, 0xc6, 0xd6, 0x72, 0xc5, 0xd7,
  0x63, 0xab, 0xbc, 0x49, 0x71, 0x74, 0x50, 0x64, 0x57, 0x41, 0x51, 0x5a,
  0x1a, 0x25, 0x4b, 0x14, 0x1c, 0x45, 0x0f, 0x13, 0x30, 0x13, 0x17, 0x1c,
  0x44, 0x56, 0x44, 0x4e, 0x60, 0x70, 0x2b, 0x33, 0x76, 0x28, 0x32, 0x6b,
  0x32, 0x3f, 0x55, 0x29, 0x37, 0x4b, 0x33, 0x48, 0x79, 0x4c, 0x67, 0xb7,
  0x2e, 0x3d, 0x84, 0x19, 0x23, 0x5c, 0x1f, 0x29, 0x6a, 0x16, 0x1b, 0x50,
  0x18, 0x1e, 0x4f, 0x21, 0x27, 0x5c, 0x27, 0x2e, 0x70, 0x2e, 0x38, 0x88,
  0x32, 0x3d, 0x91, 0x34, 0x41, 0x93, 0x2d, 0x38, 0x88, 0x27, 0x30, 0x7d,
  0x25, 0x2a, 0x76, 0x21, 0x24, 0x6e, 0x20, 0x23, 0x6c, 0x21, 0x23, 0x6b,
  0x20, 0x22, 0x66, 0x2e, 0x40, 0x7a, 0x55, 0x8b, 0xb4, 0x77, 0xcb, 0xe4,
  0x72, 0xc3, 0xde, 0x43, 0x6f, 0x8a, 0x22, 0x35, 0x4e, 0x3d, 0x5e, 0x88,
  0x63, 0x9b, 0xd6, 0x6e, 0xab, 0xe9, 0x6e, 0xa9, 0xe5, 0x6f, 0xac, 0xea,
  0x70, 0xaf, 0xf0, 0x6e, 0xab, 0xea, 0x5a, 0x8a, 0xbb, 0x39, 0x55, 0x6b,
  0x41, 0x66, 0x71, 0x6e, 0xba, 0xcb, 0x84, 0xe3, 0xf8, 0x84, 0xe4, 0xf9,
  0x84, 0xe4, 0xf9, 0x84, 0xe4, 0xf9, 0x84, 0xe4, 0xf9, 0x84, 0xe4, 0xf9,
  0x84, 0xe4, 0xf9, 0x84, 0xe4, 0xf9, 0x83, 0xe3, 0xf9, 0x83, 0xe3, 0xf9,
  0x84, 0xe4, 0xf9, 0x81, 0xdf, 0xf4, 0x6b, 0xb5, 0xc5, 0x69, 0x85, 0x8b,
  0xbd, 0xbd, 0xbd, 0x00, 0x00, 0x00, 0xff, 0xff, 0xff, 0xff, 0xff, 0xff,
  0xc7, 0xc7, 0xc7, 0x6e, 0x86, 0x8b, 0x65, 0xaa, 0xb9, 0x80, 0xdd, 0xf2,
  0x83, 0xe3, 0xf8, 0x83, 0xe3, 0xf8, 0x83, 0xe3, 0xf9, 0x84, 0xe4, 0xf9,
  0x84, 0xe4, 0xf9, 0x84, 0xe4, 0xf9, 0x84, 0xe4, 0xf9, 0x84, 0xe4, 0xf9,
  0x83, 0xe4, 0xf9, 0x83, 0xe4, 0xf9, 0x83, 0xe4, 0xf9, 0x84, 0xe4, 0xf8,
  0x84, 0xe4, 0xf8, 0x84, 0xe3, 0xf7, 0x85, 0xe2, 0xf5, 0x84, 0xdf, 0xf2,
  0x85, 0xdf, 0xf3, 0x87, 0xe1, 0xf5, 0x87, 0xe3, 0xf7, 0x86, 0xe3, 0xf8,
  0x85, 0xe3, 0xf8, 0x84, 0xe3, 0xf8, 0x84, 0xe4, 0xf8, 0x83, 0xe3, 0xf9,
  0x79, 0xce, 0xe2, 0x60, 0x96, 0x9c, 0x5c, 0x7a, 0x69, 0x5d, 0x75, 0x6b,
  0x44, 0x57, 0x6b, 0x27, 0x32, 0x5c, 0x16, 0x1c, 0x46, 0x0e, 0x12, 0x26,
  0x20, 0x27, 0x35, 0x36, 0x41, 0x75, 0x35, 0x40, 0x91, 0x38, 0x44, 0x71,
  0x55, 0x66, 0x6f, 0x49, 0x5c, 0x83, 0x2c, 0x3e, 0x90, 0x3d, 0x53, 0xb5,
  0x35, 0x44, 0x9a, 0x34, 0x41, 0x8f, 0x32, 0x3e, 0x89, 0x20, 0x27, 0x61,
  0x24, 0x2c, 0x61, 0x2c, 0x36, 0x78, 0x30, 0x3b, 0x8e, 0x32, 0x3e, 0x96,
  0x36, 0x43, 0x9b, 0x36, 0x44, 0x9c, 0x35, 0x43, 0x9a, 0x34, 0x41, 0x97,
  0x30, 0x3b, 0x90, 0x29, 0x34, 0x86, 0x26, 0x2e, 0x7b, 0x1f, 0x23, 0x68,
  0x1c, 0x21, 0x58, 0x3d, 0x5e, 0x85, 0x6f, 0xba, 0xd5, 0x81, 0xdf, 0xf4,
  0x7d, 0xd8, 0xef, 0x54, 0x8e, 0xa4, 0x2e, 0x47, 0x62, 0x44, 0x68, 0x97,
  0x66, 0x9f, 0xdd, 0x6b, 0xa6, 0xe3, 0x67, 0x9e, 0xd7, 0x6b, 0xa6, 0xe3,
  0x70, 0xae, 0xef, 0x6b, 0xa5, 0xe1, 0x55, 0x7e, 0xa9, 0x3f, 0x5c, 0x6f,
  0x53, 0x84, 0x91, 0x77, 0xca, 0xdc, 0x84, 0xe3, 0xf8, 0x84, 0xe4, 0xf9,
  0x84, 0xe4, 0xf9, 0x84, 0xe4, 0xf9, 0x84, 0xe4, 0xf9, 0x84, 0xe4, 0xf9,
  0x84, 0xe4, 0xf9, 0x84, 0xe4, 0xf9, 0x84, 0xe4, 0xf9, 0x83, 0xe3, 0xf8,
  0x83, 0xe3, 0xf8, 0x81, 0xdf, 0xf4, 0x6b, 0xb5, 0xc5, 0x69, 0x85, 0x8b,
  0xbd, 0xbd, 0xbd, 0x00, 0x00, 0x00, 0xff, 0xff, 0xff, 0xff, 0xff, 0xff,
  0xc7, 0xc7, 0xc7, 0x6e, 0x86, 0x8b, 0x65, 0xaa, 0xb9, 0x80, 0xdd, 0xf2,
  0x83, 0xe3, 0xf8, 0x83, 0xe3, 0xf8, 0x83, 0xe3, 0xf9, 0x84, 0xe4, 0xf9,
  0x84, 0xe4, 0xf9, 0x84, 0xe4, 0xf9, 0x83, 0xe3, 0xf9, 0x83, 0xe3, 0xf9,
  0x84, 0xe4, 0xf9, 0x84, 0xe4, 0xf9, 0x84, 0xe4, 0xf9, 0x84, 0xe4, 0xf9,
  0x84, 0xe4, 0xf9, 0x83, 0xe4, 0xf8, 0x83, 0xe4, 0xf8, 0x83, 0xe4, 0xf8,
  0x84, 0xe4, 0xf9, 0x84, 0xe4, 0xf9, 0x84, 0xe4, 0xf9, 0x84, 0xe4, 0xf9,
  0x84, 0xe4, 0xf8, 0x83, 0xe3, 0xf8, 0x83, 0xe3, 0xf8, 0x84, 0xe3, 0xf8,
  0x83, 0xdf, 0xf3, 0x76, 0xc3, 0xd0, 0x5f, 0x91, 0x8e, 0x64, 0x86, 0x73,
  0x73, 0x90, 0x80, 0x56, 0x6b, 0x73, 0x2a, 0x34, 0x4c, 0x23, 0x2a, 0x39,
  0x32, 0x3a, 0x5d, 0x36, 0x42, 0x8e, 0x39, 0x48, 0x99, 0x55, 0x66, 0x85,
  0x60, 0x72, 0x85, 0x43, 0x52, 0x98, 0x32, 0x41, 0x9b, 0x35, 0x45, 0xa0,
  0x31, 0x3f, 0x96, 0x37, 0x45, 0x9f, 0x2e, 0x3b, 0x8d, 0x2c, 0x38, 0x85,
  0x2b, 0x35, 0x73, 0x21, 0x2a, 0x65, 0x2b, 0x38, 0x8c, 0x2f, 0x3d, 0x95,
  0x36, 0x43, 0x9c, 0x37, 0x45, 0x9d, 0x37, 0x45, 0x9d, 0x38, 0x47, 0x9f,
  0x39, 0x49, 0xa7, 0x3b, 0x4e, 0xaf, 0x37, 0x49, 0xa6, 0x26, 0x30, 0x79,
  0x26, 0x38, 0x62, 0x50, 0x87, 0x9f, 0x79, 0xd0, 0xe4, 0x83, 0xe4, 0xf8,
  0x80, 0xdc, 0xf0, 0x58, 0x95, 0xa8, 0x37, 0x56, 0x73, 0x51, 0x7c, 0xb0,
  0x6c, 0xa8, 0xe8, 0x66, 0x9e, 0xd9, 0x5d, 0x8e, 0xc2, 0x66, 0x9e, 0xd9,
  0x6e, 0xaa, 0xe9, 0x60, 0x91, 0xc4, 0x46, 0x66, 0x84, 0x45, 0x6a, 0x78,
  0x6a, 0xae, 0xbd, 0x82, 0xde, 0xf1, 0x84, 0xe3, 0xf8, 0x84, 0xe4, 0xf9,
  0x84, 0xe4, 0xf9, 0x84, 0xe4, 0xf9, 0x84, 0xe4, 0xf9, 0x84, 0xe4, 0xf9,
  0x84, 0xe4, 0xf8, 0x84, 0xe4, 0xf8, 0x84, 0xe4, 0xf8, 0x83, 0xe3, 0xf8,
  0x83, 0xe3, 0xf8, 0x81, 0xdf, 0xf4, 0x6b, 0xb5, 0xc5, 0x69, 0x85, 0x8b,
  0xbd, 0xbd, 0xbd, 0x00, 0x00, 0x00, 0xff, 0xff, 0xff, 0xff, 0xff, 0xff,
  0xc7, 0xc7, 0xc7, 0x6e, 0x86, 0x8b, 0x65, 0xaa, 0xb9, 0x80, 0xdd, 0xf2,
  0x83, 0xe3, 0xf8, 0x83, 0xe3, 0xf8, 0x84, 0xe4, 0xf9, 0x84, 0xe4, 0xf9,
  0x84, 0xe4, 0xf9, 0x84, 0xe4, 0xf9, 0x83, 0xe3, 0xf9, 0x83, 0xe3, 0xf9,
  0x84, 0xe4, 0xf9, 0x84, 0xe4, 0xf9, 0x84, 0xe4, 0xf9, 0x84, 0xe4, 0xf9,
  0x84, 0xe4, 0xf9, 0x84, 0xe4, 0xf9, 0x84, 0xe4, 0xf9, 0x84, 0xe4, 0xf9,
  0x84, 0xe4, 0xf8, 0x84, 0xe4, 0xf8, 0x84, 0xe4, 0xf8, 0x84, 0xe4, 0xf9,
  0x84, 0xe4, 0xf8, 0x83, 0xe3, 0xf8, 0x83, 0xe3, 0xf8, 0x83, 0xe3, 0xf8,
  0x84, 0xe4, 0xf8, 0x81, 0xde, 0xf2, 0x74, 0xc2, 0xd2, 0x64, 0x9a, 0x9d,
  0x6d, 0x92, 0x84, 0x6a, 0x84, 0x72, 0x4c, 0x5d, 0x52, 0x56, 0x67, 0x64,
  0x53, 0x64, 0x8d, 0x38, 0x45, 0x9b, 0x3a, 0x49, 0x9b, 0x5b, 0x6d, 0x8a,
  0x6b, 0x7f, 0x8c, 0x4b, 0x5b, 0x9c, 0x37, 0x44, 0x9d, 0x36, 0x44, 0x9c,
  0x35, 0x42, 0x9a, 0x33, 0x40, 0x9a, 0x2b, 0x39, 0x8f, 0x2f, 0x3d, 0x92,
  0x26, 0x2f, 0x70, 0x1c, 0x24, 0x60, 0x2c, 0x3a, 0x8d, 0x34, 0x42, 0x9a,
  0x36, 0x44, 0x9c, 0x36, 0x44, 0x9c, 0x36, 0x45, 0x9d, 0x38, 0x49, 0xa3,
  0x3c, 0x50, 0xb4, 0x40, 0x5a, 0xc9, 0x41, 0x61, 0xd4, 0x39, 0x56, 0xb2,
  0x48, 0x77, 0xa8, 0x6f, 0xc0, 0xd7, 0x81, 0xe0, 0xf4, 0x83, 0xe3, 0xf8,
  0x78, 0xcc, 0xdf, 0x50, 0x81, 0x96, 0x3d, 0x5e, 0x82, 0x5b, 0x8d, 0xc6,
  0x6f, 0xad, 0xee, 0x60, 0x93, 0xcb, 0x50, 0x79, 0xa8, 0x5c, 0x8c, 0xc1,
  0x5e, 0x8e, 0xc1, 0x4a, 0x6f, 0x8f, 0x47, 0x6f, 0x80, 0x64, 0xa3, 0xb2,
  0x7e, 0xd6, 0xe8, 0x83, 0xe3, 0xf8, 0x84, 0xe4, 0xf8, 0x84, 0xe4, 0xf9,
  0x84, 0xe4, 0xf9, 0x83, 0xe3, 0xf8, 0x83, 0xe3, 0xf8, 0x84, 0xe4, 0xf8,
  0x84, 0xe4, 0xf8, 0x83, 0xe3, 0xf8, 0x83, 0xe3, 0xf8, 0x84, 0xe4, 0xf9,
  0x84, 0xe4, 0xf9, 0x81, 0xdf, 0xf4, 0x6b, 0xb5, 0xc5, 0x69, 0x85, 0x8b,
  0xbd, 0xbd, 0xbd, 0x00, 0x00, 0x00, 0xff, 0xff, 0xff, 0xff, 0xff, 0xff,
  0xc7, 0xc7, 0xc7, 0x6e, 0x86, 0x8b, 0x65, 0xaa, 0xb9, 0x80, 0xde, 0xf2,
  0x84, 0xe4, 0xf9, 0x84, 0xe4, 0xf9, 0x83, 0xe3, 0xf9, 0x83, 0xe3, 0xf9,
  0x84, 0xe4, 0xf9, 0x84, 0xe4, 0xf8, 0x84, 0xe4, 0xf8, 0x84, 0xe4, 0xf8,
  0x84, 0xe4, 0xf9, 0x84, 0xe4, 0xf9, 0x84, 0xe4, 0xf9, 0x84, 0xe4, 0xf9,
  0x84, 0xe4, 0xf9, 0x84, 0xe4, 0xf9, 0x84, 0xe4, 0xf9, 0x84, 0xe4, 0xf9,
  0x83, 0xe3, 0xf8, 0x83, 0xe3, 0xf8, 0x83, 0xe3, 0xf8, 0x84, 0xe4, 0xf9,
  0x84, 0xe4, 0xf9, 0x83, 0xe3, 0xf9, 0x83, 0xe3, 0xf8, 0x83, 0xe3, 0xf8,
  0x83, 0xe4, 0xf8, 0x83, 0xe3, 0xf9, 0x81, 0xdf, 0xf4, 0x78, 0xcd, 0xde,
  0x65, 0xa2, 0xaa, 0x47, 0x63, 0x5c, 0x59, 0x6d, 0x5a, 0x75, 0x8f, 0x90,
  0x51, 0x65, 0x9d, 0x37, 0x45, 0x9c, 0x38, 0x45, 0x9b, 0x4a, 0x59, 0x86,
  0x75, 0x8e, 0x8d, 0x63, 0x7a, 0xa0, 0x37, 0x45, 0x9c, 0x37, 0x45, 0x9d,
  0x37, 0x44, 0x9d, 0x36, 0x43, 0x9b, 0x31, 0x3f, 0x96, 0x33, 0x3f, 0x93,
  0x2f, 0x38, 0x83, 0x2b, 0x37, 0x82, 0x34, 0x42, 0x98, 0x36, 0x44, 0x9c,
  0x37, 0x45, 0x9d, 0x37, 0x45, 0x9c, 0x37, 0x47, 0xa0, 0x39, 0x4c, 0xac,
  0x3e, 0x56, 0xbf, 0x40, 0x5c, 0xce, 0x40, 0x63, 0xdb, 0x4c, 0x7e, 0xdf,
  0x68, 0xb1, 0xe4, 0x7e, 0xda, 0xf3, 0x84, 0xe4, 0xf8, 0x83, 0xe1, 0xf6,
  0x69, 0xae, 0xc1, 0x3c, 0x5b, 0x72, 0x35, 0x4f, 0x7a, 0x54, 0x82, 0xbe,
  0x69, 0xa3, 0xe3, 0x59, 0x89, 0xbb, 0x41, 0x62, 0x86, 0x48, 0x6b, 0x8e,
  0x4f, 0x77, 0x93, 0x51, 0x82, 0x93, 0x69, 0xb0, 0xc0, 0x7f, 0xd8, 0xeb,
  0x83, 0xe2, 0xf7, 0x83, 0xe3, 0xf8, 0x83, 0xe3, 0xf9, 0x84, 0xe4, 0xf9,
  0x84, 0xe4, 0xf9, 0x83, 0xe3, 0xf8, 0x83, 0xe3, 0xf8, 0x84, 0xe4, 0xf8,
  0x84, 0xe4, 0xf8, 0x83, 0xe3, 0xf8, 0x83, 0xe3, 0xf8, 0x84, 0xe4, 0xf9,
  0x84, 0xe4, 0xf9, 0x81, 0xdf, 0xf4, 0x6a, 0xb5, 0xc5, 0x69, 0x85, 0x8b,
  0xbd, 0xbd, 0xbd, 0x00, 0x00, 0x00, 0xff, 0xff, 0xff, 0xff, 0xff, 0xff,
  0xc7, 0xc7, 0xc7, 0x6e, 0x86, 0x8b, 0x65, 0xaa, 0xb9, 0x80, 0xde, 0xf2,
  0x84, 0xe4, 0xf9, 0x84, 0xe4, 0xf9, 0x83, 0xe3, 0xf8, 0x83, 0xe3, 0xf8,
  0x84, 0xe4, 0xf9, 0x84, 0xe4, 0xf8, 0x83, 0xe3, 0xf8, 0x83, 0xe3, 0xf8,
  0x84, 0xe4, 0xf9, 0x84, 0xe4, 0xf9, 0x84, 0xe4, 0xf9, 0x84, 0xe4, 0xf9,
  0x84, 0xe4, 0xf9, 0x84, 0xe4, 0xf9, 0x84, 0xe4, 0xf8, 0x84, 0xe4, 0xf8,
  0x83, 0xe3, 0xf8, 0x83, 0xe3, 0xf8, 0x83, 0xe3, 0xf8, 0x84, 0xe4, 0xf9,
  0x84, 0xe4, 0xf9, 0x84, 0xe4, 0xf9, 0x83, 0xe3, 0xf8, 0x83, 0xe3, 0xf8,
  0x84, 0xe4, 0xf8, 0x84, 0xe4, 0xf9, 0x83, 0xe4, 0xf9, 0x83, 0xe2, 0xf6,
  0x70, 0xbd, 0xcd, 0x45, 0x69, 0x68, 0x5f, 0x75, 0x64, 0x6b, 0x85, 0x9d,
  0x3e, 0x4d, 0x9c, 0x37, 0x44, 0x9c, 0x37, 0x44, 0x9c, 0x42, 0x4f, 0x92,
  0x74, 0x8e, 0x94, 0x69, 0x84, 0x9b, 0x37, 0x46, 0x9a, 0x37, 0x45, 0x9c,
  0x37, 0x45, 0x9d, 0x37, 0x45, 0x9d, 0x33, 0x40, 0x96, 0x35, 0x40, 0x90,
  0x38, 0x42, 0x92, 0x35, 0x42, 0x97, 0x36, 0x44, 0x9c, 0x37, 0x45, 0x9d,
  0x37, 0x45, 0x9d, 0x37, 0x45, 0x9e, 0x38, 0x49, 0xa4, 0x3c, 0x50, 0xb5,
  0x40, 0x5b, 0xca, 0x3e, 0x57, 0xc5, 0x3c, 0x56, 0xbf, 0x5b, 0x90, 0xdb,
  0x7e, 0xd4, 0xf2, 0x85, 0xe4, 0xf7, 0x84, 0xe4, 0xf8, 0x7d, 0xd3, 0xe6,
  0x54, 0x88, 0x99, 0x24, 0x35, 0x4c, 0x1a, 0x26, 0x4b, 0x36, 0x54, 0x86,
  0x55, 0x83, 0xba, 0x4d, 0x75, 0x9d, 0x38, 0x54, 0x6a, 0x46, 0x6c, 0x7d,
  0x67, 0xa6, 0xb7, 0x78, 0xca, 0xdc, 0x7f, 0xdc, 0xef, 0x84, 0xe4, 0xf8,
  0x84, 0xe4, 0xf8, 0x83, 0xe3, 0xf8, 0x83, 0xe3, 0xf9, 0x84, 0xe4, 0xf9,
  0x84, 0xe4, 0xf9, 0x84, 0xe4, 0xf9, 0x84, 0xe4, 0xf8, 0x84, 0xe4, 0xf8,
  0x84, 0xe4, 0xf9, 0x84, 0xe4, 0xf9, 0x84, 0xe4, 0xf9, 0x84, 0xe4, 0xf9,
  0x84, 0xe4, 0xf9, 0x81, 0xdf, 0xf4, 0x6a, 0xb5, 0xc5, 0x69, 0x85, 0x8b,
  0xbd, 0xbd, 0xbd, 0x00, 0x00, 0x00, 0xff, 0xff, 0xff, 0xff, 0xff, 0xff,
  0xc7, 0xc7, 0xc7, 0x6e, 0x86, 0x8b, 0x65, 0xaa, 0xb9, 0x80, 0xde, 0xf2,
  0x84, 0xe4, 0xf9, 0x84, 0xe4, 0xf9, 0x83, 0xe3, 0xf8, 0x83, 0xe3, 0xf8,
  0x84, 0xe4, 0xf9, 0x84, 0xe4, 0xf8, 0x83, 0xe3, 0xf8, 0x83, 0xe3, 0xf8,
  0x84, 0xe4, 0xf9, 0x84, 0xe4, 0xf9, 0x84, 0xe4, 0xf9, 0x84, 0xe4, 0xf9,
  0x84, 0xe4, 0xf9, 0x84, 0xe4, 0xf9, 0x84, 0xe4, 0xf8, 0x84, 0xe4, 0xf8,
  0x84, 0xe4, 0xf8, 0x84, 0xe4, 0xf8, 0x84, 0xe4, 0xf9, 0x84, 0xe4, 0xf9,
  0x84, 0xe4, 0xf9, 0x84, 0xe4, 0xf9, 0x84, 0xe4, 0xf9, 0x84, 0xe4, 0xf9,
  0x84, 0xe4, 0xf9, 0x84, 0xe4, 0xf9, 0x84, 0xe4, 0xf9, 0x85, 0xe3, 0xf8,
  0x76, 0xc4, 0xd5, 0x4a, 0x6f, 0x70, 0x5b, 0x71, 0x68, 0x61, 0x78, 0xa0,
  0x3b, 0x4a, 0x9d, 0x3a, 0x48, 0x9b, 0x39, 0x44, 0x9a, 0x43, 0x4f, 0x97,
  0x6f, 0x87, 0x97, 0x65, 0x7e, 0x9b, 0x37, 0x45, 0x9a, 0x37, 0x45, 0x9c,
  0x37, 0x45, 0x9c, 0x34, 0x42, 0x98, 0x2c, 0x39, 0x8f, 0x30, 0x3b, 0x91,
  0x36, 0x43, 0x99, 0x36, 0x44, 0x9b, 0x37, 0x45, 0x9c, 0x37, 0x45, 0x9c,
  0x37, 0x45, 0x9d, 0x37, 0x46, 0xa0, 0x3a, 0x4b, 0xaa, 0x3f, 0x55, 0xbe,
  0x42, 0x5f, 0xd3, 0x3f, 0x5a, 0xc8, 0x3b, 0x4f, 0xac, 0x52, 0x7a, 0xbb,
  0x79, 0xc3, 0xe1, 0x86, 0xe2, 0xf4, 0x7c, 0xd2, 0xe4, 0x5e, 0x9b, 0xab,
  0x3b, 0x57, 0x6b, 0x29, 0x32, 0x52, 0x22, 0x28, 0x4c, 0x29, 0x39, 0x5e,
  0x3b, 0x59, 0x7e, 0x41, 0x63, 0x7b, 0x50, 0x81, 0x8f, 0x6d, 0xb7, 0xc6,
  0x7f, 0xd8, 0xeb, 0x84, 0xe2, 0xf7, 0x84, 0xe4, 0xf8, 0x84, 0xe4, 0xf8,
  0x84, 0xe4, 0xf9, 0x84, 0xe4, 0xf9, 0x84, 0xe4, 0xf9, 0x84, 0xe4, 0xf9,
  0x84, 0xe4, 0xf9, 0x84, 0xe4, 0xf9, 0x84, 0xe4, 0xf8, 0x84, 0xe4, 0xf8,
  0x84, 0xe4, 0xf9, 0x84, 0xe4, 0xf9, 0x84, 0xe4, 0xf9, 0x84, 0xe4, 0xf9,
  0x84, 0xe4, 0xf9, 0x81, 0xdf, 0xf4, 0x6b, 0xb5, 0xc5, 0x69, 0x85, 0x8b,
  0xbd, 0xbd, 0xbd, 0x00, 0x00, 0x00, 0xff, 0xff, 0xff, 0xff, 0xff, 0xff,
  0xc7, 0xc7, 0xc7, 0x6e, 0x86, 0x8b, 0x65, 0xaa, 0xb9, 0x80, 0xde, 0xf2,
  0x84, 0xe4, 0xf9, 0x84, 0xe4, 0xf9, 0x84, 0xe4, 0xf9, 0x84, 0xe4, 0xf9,
  0x84, 0xe4, 0xf9, 0x84, 0xe4, 0xf9, 0x83, 0xe3, 0xf8, 0x83, 0xe3, 0xf8,
  0x84, 0xe4, 0xf9, 0x83, 0xe3, 0xf9, 0x83, 0xe3, 0xf9, 0x84, 0xe4, 0xf9,
  0x84, 0xe4, 0xf9, 0x84, 0xe4, 0xf9, 0x84, 0xe4, 0xf9, 0x84, 0xe4, 0xf9,
  0x84, 0xe4, 0xf9, 0x84, 0xe4, 0xf9, 0x84, 0xe4, 0xf9, 0x84, 0xe4, 0xf9,
  0x84, 0xe4, 0xf9, 0x84, 0xe4, 0xf9, 0x84, 0xe4, 0xf9, 0x84, 0xe4, 0xf9,
  0x84, 0xe4, 0xf9, 0x84, 0xe4, 0xf9, 0x84, 0xe4, 0xf9, 0x85, 0xe3, 0xf8,
  0x7a, 0xc7, 0xd7, 0x50, 0x75, 0x77, 0x55, 0x69, 0x6c, 0x63, 0x78, 0xa0,
  0x4c, 0x58, 0x97, 0x3f, 0x45, 0x89, 0x37, 0x3c, 0x82, 0x45, 0x51, 0x88,
  0x6e, 0x86, 0x93, 0x61, 0x78, 0x99, 0x37, 0x45, 0x9c, 0x37, 0x45, 0x9c,
  0x36, 0x45, 0x9b, 0x2c, 0x3a, 0x8c, 0x2a, 0x36, 0x8a, 0x33, 0x3f, 0x98,
  0x33, 0x40, 0x97, 0x32, 0x3f, 0x94, 0x34, 0x41, 0x97, 0x37, 0x43, 0x99,
  0x38, 0x43, 0x9a, 0x39, 0x46, 0xa0, 0x3a, 0x4d, 0xaf, 0x3e, 0x59, 0xc6,
  0x43, 0x66, 0xdd, 0x4b, 0x74, 0xdb, 0x4b, 0x6f, 0xbe, 0x46, 0x64, 0xaa,
  0x5e, 0x90, 0xc1, 0x7d, 0xcd, 0xe6, 0x6a, 0xb2, 0xc3, 0x42, 0x67, 0x7a,
  0x46, 0x5b, 0x7f, 0x62, 0x7d, 0xb3, 0x5d, 0x77, 0xae, 0x3b, 0x4d, 0x74,
  0x30, 0x44, 0x5b, 0x4c, 0x79, 0x87, 0x70, 0xbd, 0xcd, 0x81, 0xde, 0xf2,
  0x84, 0xe4, 0xf8, 0x84, 0xe4, 0xf9, 0x84, 0xe4, 0xf9, 0x84, 0xe4, 0xf9,
  0x84, 0xe4, 0xf8, 0x83, 0xe3, 0xf8, 0x83, 0xe3, 0xf8, 0x84, 0xe4, 0xf9,
  0x84, 0xe4, 0xf9, 0x84, 0xe4, 0xf9, 0x83, 0xe3, 0xf8, 0x83, 0xe3, 0xf8,
  0x84, 0xe4, 0xf9, 0x84, 0xe4, 0xf9, 0x83, 0xe3, 0xf8, 0x83, 0xe3, 0xf8,
  0x84, 0xe4, 0xf9, 0x81, 0xdf, 0xf4, 0x6b, 0xb5, 0xc5, 0x69, 0x85, 0x8b,
  0xbd, 0xbd, 0xbd, 0x00, 0x00, 0x00, 0xff, 0xff, 0xff, 0xff, 0xff, 0xff,
  0xc7, 0xc7, 0xc7, 0x6e, 0x86, 0x8b, 0x65, 0xaa, 0xb9, 0x80, 0xde, 0xf2,
  0x84, 0xe4, 0xf8, 0x84, 0xe4, 0xf9, 0x83, 0xe3, 0xf8, 0x83, 0xe3, 0xf8,
  0x84, 0xe4, 0xf9, 0x84, 0xe4, 0xf9, 0x84, 0xe4, 0xf9, 0x84, 0xe4, 0xf9,
  0x84, 0xe4, 0xf9, 0x83, 0xe3, 0xf9, 0x83, 0xe3, 0xf9, 0x84, 0xe4, 0xf9,
  0x84, 0xe4, 0xf9, 0x84, 0xe4, 0xf9, 0x84, 0xe4, 0xf9, 0x84, 0xe4, 0xf9,
  0x84, 0xe4, 0xf9, 0x84, 0xe4, 0xf9, 0x84, 0xe4, 0xf9, 0x84, 0xe4, 0xf9,
  0x84, 0xe4, 0xf9, 0x84, 0xe4, 0xf9, 0x84, 0xe4, 0xf9, 0x84, 0xe4, 0xf9,
  0x84, 0xe4, 0xf9, 0x84, 0xe4, 0xf9, 0x84, 0xe4, 0xf9, 0x85, 0xe3, 0xf8,
  0x7e, 0xcc, 0xda, 0x5d, 0x86, 0x83, 0x5d, 0x72, 0x71, 0x71, 0x83, 0x93,
  0x53, 0x51, 0x7b, 0x36, 0x23, 0x63, 0x2c, 0x22, 0x52, 0x45, 0x4f, 0x64,
  0x6a, 0x80, 0x7d, 0x55, 0x68, 0x89, 0x37, 0x45, 0x9c, 0x37, 0x45, 0x9d,
  0x36, 0x44, 0x9b, 0x29, 0x36, 0x80, 0x27, 0x32, 0x7d, 0x2e, 0x38, 0x8b,
  0x28, 0x33, 0x7f, 0x29, 0x33, 0x82, 0x31, 0x37, 0x88, 0x37, 0x37, 0x89,
  0x39, 0x35, 0x88, 0x39, 0x39, 0x91, 0x3a, 0x45, 0xa7, 0x3d, 0x59, 0xc8,
  0x43, 0x6c, 0xe1, 0x5f, 0x9d, 0xec, 0x73, 0xbb, 0xe1, 0x5c, 0x8e, 0xc0,
  0x52, 0x7c, 0xb5, 0x69, 0xab, 0xd2, 0x75, 0xc4, 0xdb, 0x72, 0xae, 0xca,
  0x74, 0xa6, 0xca, 0x7d, 0xbd, 0xd9, 0x80, 0xc5, 0xe1, 0x5e, 0x88, 0xa8,
  0x46, 0x64, 0x7a, 0x66, 0xa2, 0xb1, 0x82, 0xdb, 0xec, 0x84, 0xe4, 0xf8,
  0x84, 0xe4, 0xf9, 0x84, 0xe4, 0xf9, 0x84, 0xe4, 0xf9, 0x84, 0xe4, 0xf9,
  0x84, 0xe4, 0xf8, 0x83, 0xe3, 0xf8, 0x83, 0xe3, 0xf8, 0x84, 0xe4, 0xf9,
  0x84, 0xe4, 0xf9, 0x84, 0xe4, 0xf9, 0x83, 0xe3, 0xf8, 0x83, 0xe3, 0xf8,
  0x83, 0xe3, 0xf8, 0x83, 0xe3, 0xf8, 0x83, 0xe3, 0xf8, 0x83, 0xe3, 0xf8,
  0x84, 0xe4, 0xf9, 0x81, 0xdf, 0xf4, 0x6b, 0xb5, 0xc5, 0x69, 0x85, 0x8b,
  0xbd, 0xbd, 0xbd, 0x00, 0x00, 0x00, 0xff, 0xff, 0xff, 0xff, 0xff, 0xff,
  0xc7, 0xc7, 0xc7, 0x6e, 0x86, 0x8b, 0x65, 0xaa, 0xb9, 0x80, 0xde, 0xf2,
  0x84, 0xe4, 0xf8, 0x84, 0xe4, 0xf9, 0x83, 0xe3, 0xf8, 0x83, 0xe3, 0xf8,
  0x84, 0xe4, 0xf9, 0x84, 0xe4, 0xf9, 0x84, 0xe4, 0xf9, 0x84, 0xe4, 0xf9,
  0x84, 0xe4, 0xf9, 0x84, 0xe4, 0xf9, 0x84, 0xe4, 0xf9, 0x84, 0xe4, 0xf9,
  0x84, 0xe4, 0xf9, 0x84, 0xe4, 0xf9, 0x83, 0xe3, 0xf9, 0x83, 0xe3, 0xf9,
  0x84, 0xe4, 0xf9, 0x84, 0xe4, 0xf9, 0x84, 0xe4, 0xf9, 0x84, 0xe4, 0xf9,
  0x84, 0xe4, 0xf9, 0x84, 0xe4, 0xf9, 0x84, 0xe4, 0xf9, 0x84, 0xe4, 0xf9,
  0x84, 0xe4, 0xf9, 0x84, 0xe4, 0xf9, 0x84, 0xe4, 0xf9, 0x85, 0xe2, 0xf6,
  0x80, 0xcd, 0xd9, 0x6d, 0x98, 0x8d, 0x6b, 0x83, 0x70, 0x5f, 0x6d, 0x71,
  0x39, 0x33, 0x58, 0x2b, 0x18, 0x51, 0x2f, 0x1d, 0x52, 0x43, 0x42, 0x56,
  0x4d, 0x5b, 0x53, 0x40, 0x50, 0x72, 0x38, 0x46, 0x9b, 0x37, 0x44, 0x9d,
  0x35, 0x44, 0x9a, 0x22, 0x2b, 0x66, 0x18, 0x1e, 0x55, 0x1d, 0x24, 0x63,
  0x22, 0x28, 0x69, 0x2f, 0x31, 0x80, 0x34, 0x29, 0x78, 0x34, 0x23, 0x6f,
  0x35, 0x23, 0x70, 0x34, 0x24, 0x76, 0x36, 0x30, 0x8b, 0x3f, 0x53, 0xb8,
  0x47, 0x72, 0xdf, 0x5e, 0x9f, 0xee, 0x7e, 0xd6, 0xf3, 0x7e, 0xd0, 0xe4,
  0x67, 0xa0, 0xc9, 0x67, 0xa5, 0xcf, 0x7c, 0xd0, 0xe9, 0x86, 0xdb, 0xed,
  0x6e, 0xae, 0xc3, 0x5e, 0x96, 0xac, 0x7b, 0xc8, 0xd7, 0x75, 0xb6, 0xc5,
  0x5a, 0x83, 0x97, 0x6c, 0xac, 0xbd, 0x82, 0xdd, 0xef, 0x84, 0xe4, 0xf8,
  0x84, 0xe4, 0xf9, 0x84, 0xe4, 0xf9, 0x84, 0xe4, 0xf9, 0x84, 0xe4, 0xf9,
  0x84, 0xe4, 0xf9, 0x84, 0xe4, 0xf9, 0x84, 0xe4, 0xf9, 0x84, 0xe4, 0xf9,
  0x84, 0xe4, 0xf9, 0x84, 0xe4, 0xf9, 0x84, 0xe4, 0xf9, 0x84, 0xe4, 0xf9,
  0x83, 0xe3, 0xf8, 0x83, 0xe3, 0xf8, 0x84, 0xe4, 0xf9, 0x84, 0xe4, 0xf9,
  0x84, 0xe4, 0xf9, 0x81, 0xdf, 0xf4, 0x6b, 0xb5, 0xc5, 0x69, 0x85, 0x8b,
  0xbd, 0xbd, 0xbd, 0x00, 0x00, 0x00, 0xff, 0xff, 0xff, 0xff, 0xff, 0xff,
  0xc7, 0xc7, 0xc7, 0x6e, 0x86, 0x8b, 0x65, 0xaa, 0xb9, 0x80, 0xde, 0xf2,
  0x84, 0xe4, 0xf9, 0x84, 0xe4, 0xf9, 0x84, 0xe4, 0xf9, 0x84, 0xe4, 0xf9,
  0x84, 0xe4, 0xf9, 0x84, 0xe4, 0xf9, 0x84, 0xe4, 0xf9, 0x84, 0xe4, 0xf9,
  0x84, 0xe4, 0xf9, 0x84, 0xe4, 0xf9, 0x84, 0xe4, 0xf9, 0x84, 0xe4, 0xf9,
  0x84, 0xe4, 0xf9, 0x84, 0xe4, 0xf9, 0x83, 0xe3, 0xf9, 0x83, 0xe3, 0xf9,
  0x84, 0xe4, 0xf9, 0x84, 0xe4, 0xf9, 0x84, 0xe4, 0xf9, 0x84, 0xe4, 0xf9,
  0x84, 0xe4, 0xf9, 0x84, 0xe4, 0xf9, 0x84, 0xe4, 0xf9, 0x84, 0xe4, 0xf9,
  0x83, 0xe3, 0xf8, 0x83, 0xe3, 0xf8, 0x84, 0xe4, 0xf8, 0x80, 0xda, 0xee,
  0x74, 0xb6, 0xc1, 0x69, 0x8d, 0x7f, 0x65, 0x7b, 0x67, 0x4b, 0x5f, 0x65,
  0x2d, 0x3c, 0x56, 0x21, 0x26, 0x40, 0x22, 0x20, 0x3e, 0x2e, 0x2e, 0x44,
  0x2e, 0x37, 0x37, 0x39, 0x48, 0x66, 0x3f, 0x4f, 0x9c, 0x36, 0x44, 0x9c,
  0x34, 0x41, 0x95, 0x1b, 0x22, 0x4f, 0x0d, 0x0e, 0x26, 0x1b, 0x20, 0x51,
  0x2b, 0x2e, 0x70, 0x38, 0x33, 0x78, 0x3c, 0x38, 0x7e, 0x3e, 0x40, 0x87,
  0x39, 0x3c, 0x7d, 0x32, 0x31, 0x6d, 0x32, 0x31, 0x78, 0x44, 0x56, 0xa5,
  0x51, 0x7c, 0xd5, 0x52, 0x88, 0xeb, 0x6a, 0xb4, 0xf2, 0x87, 0xe4, 0xf5,
  0x85, 0xdd, 0xea, 0x7e, 0xd1, 0xe7, 0x81, 0xd9, 0xee, 0x7b, 0xc8, 0xdb,
  0x5c, 0x8e, 0xb0, 0x57, 0x85, 0xb0, 0x7a, 0xc4, 0xd7, 0x6b, 0xac, 0xb1,
  0x4e, 0x7c, 0x86, 0x6a, 0xb1, 0xc1, 0x83, 0xe1, 0xf5, 0x84, 0xe4, 0xf8,
  0x84, 0xe4, 0xf9, 0x84, 0xe4, 0xf9, 0x84, 0xe4, 0xf9, 0x84, 0xe4, 0xf9,
  0x84, 0xe4, 0xf9, 0x84, 0xe4, 0xf9, 0x84, 0xe4, 0xf9, 0x84, 0xe4, 0xf9,
  0x84, 0xe4, 0xf9, 0x84, 0xe4, 0xf9, 0x84, 0xe4, 0xf9, 0x84, 0xe4, 0xf9,
  0x84, 0xe4, 0xf9, 0x84, 0xe4, 0xf9, 0x84, 0xe4, 0xf9, 0x84, 0xe4, 0xf9,
  0x84, 0xe4, 0xf9, 0x81, 0xdf, 0xf4, 0x6b, 0xb5, 0xc5, 0x69, 0x85, 0x8b,
  0xbd, 0xbd, 0xbd, 0x00, 0x00, 0x00, 0xff, 0xff, 0xff, 0xff, 0xff, 0xff,
  0xc7, 0xc7, 0xc7, 0x6e, 0x86, 0x8b, 0x65, 0xaa, 0xb9, 0x80, 0xde, 0xf2,
  0x83, 0xe3, 0xf8, 0x83, 0xe3, 0xf8, 0x84, 0xe4, 0xf9, 0x84, 0xe4, 0xf9,
  0x84, 0xe4, 0xf9, 0x84, 0xe4, 0xf9, 0x84, 0xe4, 0xf9, 0x84, 0xe4, 0xf9,
  0x84, 0xe4, 0xf9, 0x84, 0xe4, 0xf9, 0x84, 0xe4, 0xf9, 0x84, 0xe4, 0xf9,
  0x84, 0xe4, 0xf9, 0x84, 0xe4, 0xf9, 0x83, 0xe3, 0xf9, 0x83, 0xe3, 0xf9,
  0x84, 0xe4, 0xf9, 0x84, 0xe4, 0xf9, 0x84, 0xe4, 0xf9, 0x84, 0xe4, 0xf9,
  0x84, 0xe4, 0xf9, 0x84, 0xe4, 0xf9, 0x84, 0xe4, 0xf9, 0x84, 0xe4, 0xf9,
  0x83, 0xe3, 0xf8, 0x83, 0xe3, 0xf8, 0x84, 0xe3, 0xf8, 0x78, 0xcb, 0xdd,
  0x56, 0x85, 0x88, 0x4d, 0x65, 0x52, 0x4a, 0x5f, 0x52, 0x41, 0x5c, 0x6c,
  0x45, 0x65, 0x83, 0x2c, 0x3c, 0x49, 0x1b, 0x20, 0x22, 0x32, 0x3e, 0x39,
  0x32, 0x3f, 0x36, 0x43, 0x54, 0x62, 0x4e, 0x61, 0x9e, 0x35, 0x43, 0x9a,
  0x2d, 0x36, 0x7e, 0x16, 0x19, 0x36, 0x0a, 0x0b, 0x1a, 0x1c, 0x23, 0x51,
  0x2b, 0x30, 0x6a, 0x3e, 0x49, 0x7b, 0x5c, 0x7f, 0xb4, 0x67, 0x90, 0xbb,
  0x50, 0x6c, 0x7f, 0x3b, 0x4d, 0x54, 0x3b, 0x46, 0x67, 0x3b, 0x48, 0x84,
  0x4c, 0x70, 0xb0, 0x52, 0x86, 0xde, 0x5a, 0x98, 0xee, 0x7b, 0xd1, 0xf5,
  0x8e, 0xf1, 0xf8, 0x8e, 0xee, 0xf6, 0x87, 0xe4, 0xf4, 0x6a, 0xb0, 0xc7,
  0x45, 0x66, 0x8f, 0x4f, 0x75, 0xa2, 0x6b, 0xa9, 0xbd, 0x55, 0x85, 0x89,
  0x46, 0x73, 0x7a, 0x6b, 0xb8, 0xc9, 0x83, 0xe3, 0xf8, 0x84, 0xe4, 0xf9,
  0x84, 0xe4, 0xf9, 0x84, 0xe4, 0xf9, 0x84, 0xe4, 0xf9, 0x84, 0xe4, 0xf9,
  0x84, 0xe4, 0xf9, 0x84, 0xe4, 0xf9, 0x83, 0xe3, 0xf8, 0x83, 0xe3, 0xf8,
  0x84, 0xe4, 0xf9, 0x84, 0xe4, 0xf9, 0x84, 0xe4, 0xf9, 0x84, 0xe4, 0xf9,
  0x84, 0xe4, 0xf9, 0x84, 0xe4, 0xf9, 0x84, 0xe4, 0xf9, 0x84, 0xe4, 0xf9,
  0x84, 0xe4, 0xf9, 0x81, 0xdf, 0xf4, 0x6b, 0xb5, 0xc5, 0x69, 0x85, 0x8b,
  0xbd, 0xbd, 0xbd, 0x00, 0x00, 0x00, 0xff, 0xff, 0xff, 0xff, 0xff, 0xff,
  0xc7, 0xc7, 0xc7, 0x6e, 0x85, 0x8b, 0x65, 0xaa, 0xb9, 0x80, 0xdd, 0xf2,
  0x83, 0xe3, 0xf8, 0x83, 0xe3, 0xf8, 0x84, 0xe4, 0xf9, 0x84, 0xe4, 0xf9,
  0x84, 0xe4, 0xf9, 0x84, 0xe4, 0xf9, 0x84, 0xe4, 0xf9, 0x84, 0xe4, 0xf9,
  0x83, 0xe3, 0xf8, 0x83, 0xe3, 0xf8, 0x84, 0xe4, 0xf9, 0x84, 0xe4, 0xf9,
  0x84, 0xe4, 0xf9, 0x84, 0xe4, 0xf9, 0x83, 0xe3, 0xf9, 0x83, 0xe3, 0xf9,
  0x84, 0xe4, 0xf9, 0x84, 0xe4, 0xf9, 0x84, 0xe4, 0xf9, 0x84, 0xe4, 0xf9,
  0x84, 0xe4, 0xf9, 0x84, 0xe4, 0xf9, 0x83, 0xe3, 0xf8, 0x83, 0xe3, 0xf8,
  0x84, 0xe4, 0xf9, 0x84, 0xe4, 0xf9, 0x81, 0xdf, 0xf3, 0x75, 0xbf, 0xcc,
  0x65, 0x8c, 0x84, 0x68, 0x82, 0x70, 0x5f, 0x77, 0x76, 0x3f, 0x4f, 0x5c,
  0x37, 0x47, 0x5d, 0x32, 0x3b, 0x4b, 0x2d, 0x37, 0x38, 0x2f, 0x3c, 0x38,
  0x1e, 0x25, 0x20, 0x28, 0x31, 0x4a, 0x39, 0x45, 0x88, 0x30, 0x3c, 0x90,
  0x22, 0x29, 0x61, 0x0b, 0x0c, 0x1c, 0x0f, 0x13, 0x31, 0x2b, 0x33, 0x6e,
  0x26, 0x2b, 0x58, 0x33, 0x49, 0x71, 0x5b, 0x89, 0xba, 0x64, 0x8a, 0x9e,
  0x40, 0x51, 0x49, 0x1c, 0x26, 0x1f, 0x21, 0x2c, 0x34, 0x26, 0x33, 0x59,
  0x32, 0x49, 0x7c, 0x3c, 0x63, 0xb1, 0x48, 0x78, 0xe3, 0x6a, 0xb1, 0xf2,
  0x8c, 0xec, 0xf9, 0x8e, 0xef, 0xf4, 0x84, 0xe1, 0xef, 0x77, 0xc4, 0xd9,
  0x51, 0x78, 0x96, 0x31, 0x45, 0x6a, 0x2a, 0x3d, 0x58, 0x20, 0x2f, 0x39,
  0x38, 0x5b, 0x64, 0x6c, 0xb9, 0xcb, 0x83, 0xe3, 0xf9, 0x84, 0xe4, 0xf9,
  0x84, 0xe4, 0xf9, 0x84, 0xe4, 0xf9, 0x84, 0xe4, 0xf9, 0x83, 0xe3, 0xf8,
  0x83, 0xe3, 0xf8, 0x84, 0xe4, 0xf9, 0x83, 0xe3, 0xf8, 0x83, 0xe3, 0xf8,
  0x84, 0xe4, 0xf9, 0x84, 0xe4, 0xf9, 0x84, 0xe4, 0xf9, 0x84, 0xe4, 0xf9,
  0x84, 0xe4, 0xf9, 0x84, 0xe4, 0xf9, 0x84, 0xe4, 0xf9, 0x84, 0xe4, 0xf9,
  0x84, 0xe4, 0xf9, 0x81, 0xdf, 0xf4, 0x6b, 0xb5, 0xc5, 0x69, 0x85, 0x8b,
  0xbd, 0xbd, 0xbd, 0x00, 0x00, 0x00, 0xff, 0xff, 0xff, 0xff, 0xff, 0xff,
  0xc7, 0xc7, 0xc7, 0x6e, 0x85, 0x8b, 0x65, 0xaa, 0xb9, 0x80, 0xdd, 0xf2,
  0x83, 0xe3, 0xf9, 0x84, 0xe4, 0xf9, 0x84, 0xe4, 0xf9, 0x84, 0xe4, 0xf9,
  0x84, 0xe4, 0xf9, 0x84, 0xe4, 0xf9, 0x84, 0xe4, 0xf9, 0x84, 0xe4, 0xf9,
  0x83, 0xe3, 0xf8, 0x83, 0xe3, 0xf8, 0x84, 0xe4, 0xf9, 0x84, 0xe4, 0xf9,
  0x84, 0xe4, 0xf8, 0x84, 0xe4, 0xf8, 0x84, 0xe4, 0xf9, 0x84, 0xe4, 0xf9,
  0x84, 0xe4, 0xf9, 0x84, 0xe4, 0xf9, 0x84, 0xe4, 0xf9, 0x84, 0xe4, 0xf9,
  0x84, 0xe4, 0xf9, 0x84, 0xe4, 0xf9, 0x83, 0xe3, 0xf8, 0x83, 0xe3, 0xf8,
  0x84, 0xe4, 0xf9, 0x84, 0xe4, 0xf9, 0x77, 0xcd, 0xe1, 0x5a, 0x8f, 0x96,
  0x5c, 0x77, 0x6c, 0x58, 0x6c, 0x7b, 0x3d, 0x4c, 0x7b, 0x43, 0x50, 0x70,
  0x3f, 0x4a, 0x6f, 0x2d, 0x35, 0x64, 0x2a, 0x33, 0x47, 0x38, 0x44, 0x3e,
  0x28, 0x30, 0x30, 0x17, 0x1e, 0x49, 0x24, 0x2f, 0x7c, 0x25, 0x2f, 0x7f,
  0x28, 0x2f, 0x74, 0x16, 0x18, 0x37, 0x0e, 0x15, 0x3b, 0x23, 0x2c, 0x6d,
  0x1b, 0x1e, 0x44, 0x2e, 0x3e, 0x60, 0x54, 0x79, 0xa8, 0x4f, 0x6a, 0x7e,
  0x2c, 0x32, 0x2e, 0x1c, 0x25, 0x22, 0x23, 0x33, 0x3a, 0x2c, 0x40, 0x5f,
  0x2f, 0x45, 0x77, 0x30, 0x4f, 0xa2, 0x3f, 0x6a, 0xdf, 0x62, 0xa3, 0xf2,
  0x8a, 0xe7, 0xf8, 0x7f, 0xd4, 0xd8, 0x6e, 0xb8, 0xc5, 0x75, 0xc2, 0xd2,
  0x55, 0x87, 0x94, 0x1e, 0x2c, 0x3b, 0x0d, 0x0e, 0x22, 0x18, 0x20, 0x30,
  0x3f, 0x68, 0x75, 0x70, 0xc0, 0xd3, 0x83, 0xe3, 0xf9, 0x84, 0xe4, 0xf9,
  0x84, 0xe4, 0xf9, 0x84, 0xe4, 0xf9, 0x84, 0xe4, 0xf9, 0x83, 0xe3, 0xf8,
  0x83, 0xe3, 0xf8, 0x84, 0xe4, 0xf9, 0x84, 0xe4, 0xf9, 0x84, 0xe4, 0xf9,
  0x83, 0xe3, 0xf8, 0x83, 0xe3, 0xf8, 0x84, 0xe4, 0xf9, 0x84, 0xe4, 0xf9,
  0x84, 0xe4, 0xf9, 0x84, 0xe4, 0xf9, 0x84, 0xe4, 0xf9, 0x84, 0xe4, 0xf9,
  0x84, 0xe4, 0xf9, 0x81, 0xdf, 0xf4, 0x6b, 0xb5, 0xc5, 0x69, 0x85, 0x8b,
  0xbd, 0xbd, 0xbd, 0x00, 0x00, 0x00, 0xff, 0xff, 0xff, 0xff, 0xff, 0xff,
  0xc7, 0xc7, 0xc7, 0x6e, 0x86, 0x8b, 0x65, 0xaa, 0xb9, 0x80, 0xde, 0xf2,
  0x84, 0xe4, 0xf9, 0x84, 0xe4, 0xf9, 0x84, 0xe4, 0xf9, 0x84, 0xe4, 0xf9,
  0x84, 0xe4, 0xf9, 0x84, 0xe4, 0xf9, 0x83, 0xe3, 0xf8, 0x83, 0xe3, 0xf8,
  0x84, 0xe4, 0xf9, 0x83, 0xe3, 0xf8, 0x83, 0xe3, 0xf8, 0x84, 0xe4, 0xf8,
  0x84, 0xe4, 0xf8, 0x84, 0xe4, 0xf8, 0x84, 0xe4, 0xf9, 0x84, 0xe4, 0xf9,
  0x84, 0xe4, 0xf9, 0x84, 0xe4, 0xf9, 0x84, 0xe4, 0xf8, 0x84, 0xe4, 0xf8,
  0x84, 0xe4, 0xf9, 0x84, 0xe4, 0xf9, 0x83, 0xe3, 0xf8, 0x83, 0xe3, 0xf8,
  0x84, 0xe4, 0xf9, 0x84, 0xe4, 0xf9, 0x75, 0xca, 0xdd, 0x52, 0x83, 0x89,
  0x4d, 0x64, 0x5b, 0x42, 0x51, 0x6a, 0x25, 0x2f, 0x70, 0x28, 0x32, 0x76,
  0x29, 0x33, 0x77, 0x27, 0x31, 0x71, 0x37, 0x44, 0x63, 0x34, 0x3e, 0x44,
  0x1f, 0x26, 0x44, 0x1f, 0x29, 0x6c, 0x26, 0x33, 0x84, 0x25, 0x30, 0x81,
  0x25, 0x2c, 0x78, 0x14, 0x17, 0x3c, 0x0d, 0x14, 0x3c, 0x1f, 0x28, 0x6f,
  0x1b, 0x1f, 0x51, 0x22, 0x28, 0x4b, 0x3c, 0x50, 0x74, 0x42, 0x58, 0x77,
  0x35, 0x43, 0x51, 0x3e, 0x59, 0x62, 0x46, 0x68, 0x7f, 0x2f, 0x45, 0x66,
  0x25, 0x38, 0x6f, 0x31, 0x51, 0xb1, 0x3e, 0x68, 0xe3, 0x61, 0xa0, 0xf3,
  0x86, 0xdf, 0xf2, 0x68, 0xab, 0xaf, 0x46, 0x6f, 0x7e, 0x45, 0x6c, 0x80,
  0x2a, 0x42, 0x51, 0x18, 0x1e, 0x3c, 0x25, 0x28, 0x59, 0x41, 0x56, 0x7d,
  0x65, 0xa0, 0xb6, 0x7d, 0xd5, 0xe9, 0x83, 0xe3, 0xf9, 0x84, 0xe4, 0xf9,
  0x84, 0xe4, 0xf9, 0x84, 0xe4, 0xf9, 0x84, 0xe4, 0xf9, 0x84, 0xe4, 0xf9,
  0x84, 0xe4, 0xf9, 0x84, 0xe4, 0xf9, 0x84, 0xe4, 0xf9, 0x84, 0xe4, 0xf9,
  0x83, 0xe3, 0xf8, 0x83, 0xe3, 0xf8, 0x84, 0xe4, 0xf9, 0x84, 0xe4, 0xf9,
  0x84, 0xe4, 0xf9, 0x84, 0xe4, 0xf9, 0x84, 0xe4, 0xf9, 0x84, 0xe4, 0xf9,
  0x84, 0xe4, 0xf9, 0x81, 0xdf, 0xf4, 0x6b, 0xb5, 0xc5, 0x69, 0x85, 0x8b,
  0xbd, 0xbd, 0xbd, 0x00, 0x00, 0x00, 0xff, 0xff, 0xff, 0xff, 0xff, 0xff,
  0xc7, 0xc7, 0xc7, 0x6e, 0x86, 0x8b, 0x65, 0xaa, 0xb9, 0x80, 0xde, 0xf2,
  0x84, 0xe4, 0xf9, 0x84, 0xe4, 0xf9, 0x84, 0xe4, 0xf9, 0x84, 0xe4, 0xf9,
  0x83, 0xe3, 0xf8, 0x83, 0xe3, 0xf8, 0x83, 0xe3, 0xf8, 0x83, 0xe3, 0xf8,
  0x84, 0xe4, 0xf9, 0x83, 0xe3, 0xf8, 0x83, 0xe3, 0xf8, 0x84, 0xe4, 0xf8,
  0x84, 0xe4, 0xf8, 0x84, 0xe4, 0xf9, 0x84, 0xe4, 0xf9, 0x83, 0xe3, 0xf9,
  0x83, 0xe3, 0xf9, 0x83, 0xe3, 0xf9, 0x83, 0xe3, 0xf8, 0x83, 0xe3, 0xf8,
  0x83, 0xe3, 0xf9, 0x84, 0xe4, 0xf9, 0x83, 0xe3, 0xf8, 0x83, 0xe3, 0xf8,
  0x84, 0xe4, 0xf9, 0x84, 0xe4, 0xf9, 0x7d, 0xd7, 0xea, 0x6c, 0xac, 0xb5,
  0x63, 0x83, 0x75, 0x4f, 0x5f, 0x56, 0x30, 0x3b, 0x50, 0x22, 0x2a, 0x57,
  0x1e, 0x24, 0x5e, 0x1e, 0x26, 0x59, 0x1f, 0x27, 0x43, 0x1f, 0x27, 0x47,
  0x22, 0x2c, 0x6b, 0x2a, 0x37, 0x89, 0x28, 0x37, 0x8a, 0x23, 0x31, 0x84,
  0x2a, 0x33, 0x76, 0x17, 0x1a, 0x35, 0x0c, 0x12, 0x31, 0x1c, 0x26, 0x68,
  0x1a, 0x1f, 0x59, 0x17, 0x19, 0x3c, 0x21, 0x25, 0x40, 0x29, 0x32, 0x4e,
  0x2b, 0x36, 0x50, 0x29, 0x38, 0x4e, 0x25, 0x32, 0x4d, 0x21, 0x2d, 0x5b,
  0x28, 0x3c, 0x86, 0x34, 0x54, 0xbc, 0x3d, 0x64, 0xde, 0x5c, 0x99, 0xe8,
  0x76, 0xbf, 0xd1, 0x4b, 0x75, 0x76, 0x1a, 0x27, 0x2e, 0x12, 0x18, 0x29,
  0x1d, 0x22, 0x4b, 0x3d, 0x45, 0x90, 0x49, 0x53, 0x9c, 0x4c, 0x6b, 0x91,
  0x6d, 0xb6, 0xca, 0x83, 0xe1, 0xf6, 0x83, 0xe3, 0xf9, 0x83, 0xe3, 0xf9,
  0x83, 0xe3, 0xf9, 0x83, 0xe3, 0xf9, 0x84, 0xe4, 0xf9, 0x83, 0xe3, 0xf8,
  0x83, 0xe3, 0xf8, 0x84, 0xe4, 0xf9, 0x84, 0xe4, 0xf9, 0x84, 0xe4, 0xf9,
  0x84, 0xe4, 0xf9, 0x84, 0xe4, 0xf9, 0x84, 0xe4, 0xf8, 0x84, 0xe4, 0xf8,
  0x84, 0xe4, 0xf9, 0x84, 0xe4, 0xf8, 0x84, 0xe4, 0xf8, 0x83, 0xe3, 0xf8,
  0x83, 0xe3, 0xf8, 0x81, 0xdf, 0xf4, 0x6b, 0xb5, 0xc5, 0x69, 0x85, 0x8b,
  0xbd, 0xbd, 0xbd, 0x00, 0x00, 0x00, 0xff, 0xff, 0xff, 0xff, 0xff, 0xff,
  0xc7, 0xc7, 0xc7, 0x6e, 0x86, 0x8b, 0x65, 0xaa, 0xb9, 0x80, 0xdd, 0xf2,
  0x83, 0xe3, 0xf8, 0x83, 0xe3, 0xf8, 0x84, 0xe4, 0xf9, 0x84, 0xe4, 0xf9,
  0x83, 0xe3, 0xf8, 0x83, 0xe3, 0xf8, 0x83, 0xe3, 0xf8, 0x83, 0xe3, 0xf8,
  0x84, 0xe4, 0xf9, 0x84, 0xe4, 0xf9, 0x84, 0xe4, 0xf9, 0x84, 0xe4, 0xf9,
  0x84, 0xe4, 0xf9, 0x84, 0xe4, 0xf9, 0x84, 0xe4, 0xf9, 0x83, 0xe3, 0xf9,
  0x83, 0xe3, 0xf9, 0x83, 0xe3, 0xf9, 0x83, 0xe3, 0xf9, 0x83, 0xe3, 0xf9,
  0x83, 0xe3, 0xf9, 0x84, 0xe4, 0xf9, 0x84, 0xe4, 0xf9, 0x84, 0xe4, 0xf9,
  0x84, 0xe4, 0xf9, 0x83, 0xe3, 0xf8, 0x83, 0xe1, 0xf5, 0x75, 0xbf, 0xce,
  0x49, 0x6b, 0x69, 0x42, 0x51, 0x3f, 0x58, 0x6c, 0x5b, 0x43, 0x51, 0x55,
  0x24, 0x29, 0x45, 0x1d, 0x20, 0x47, 0x24, 0x2c, 0x60, 0x2e, 0x38, 0x81,
  0x32, 0x3e, 0x93, 0x34, 0x41, 0x99, 0x2c, 0x3b, 0x90, 0x29, 0x39, 0x8c,
  0x29, 0x33, 0x72, 0x12, 0x15, 0x2c, 0x06, 0x09, 0x16, 0x13, 0x1a, 0x40,
  0x1c, 0x23, 0x61, 0x1c, 0x23, 0x65, 0x20, 0x29, 0x63, 0x25, 0x2d, 0x64,
  0x25, 0x2f, 0x67, 0x22, 0x2c, 0x66, 0x1f, 0x2a, 0x6a, 0x22, 0x31, 0x80,
  0x2c, 0x43, 0xa4, 0x35, 0x54, 0xc0, 0x37, 0x55, 0xb5, 0x46, 0x6a, 0x9f,
  0x43, 0x65, 0x72, 0x1d, 0x29, 0x2c, 0x0b, 0x0c, 0x1b, 0x1e, 0x1f, 0x52,
  0x47, 0x4c, 0xa7, 0x67, 0x73, 0xda, 0x5a, 0x67, 0xb2, 0x4c, 0x71, 0x90,
  0x6e, 0xbb, 0xcc, 0x84, 0xe3, 0xf8, 0x83, 0xe3, 0xf9, 0x83, 0xe3, 0xf9,
  0x83, 0xe3, 0xf9, 0x83, 0xe3, 0xf9, 0x84, 0xe4, 0xf9, 0x83, 0xe3, 0xf8,
  0x83, 0xe3, 0xf8, 0x84, 0xe4, 0xf9, 0x84, 0xe4, 0xf9, 0x84, 0xe4, 0xf9,
  0x84, 0xe4, 0xf9, 0x84, 0xe4, 0xf9, 0x84, 0xe4, 0xf8, 0x84, 0xe4, 0xf8,
  0x84, 0xe4, 0xf9, 0x84, 0xe4, 0xf8, 0x84, 0xe4, 0xf8, 0x83, 0xe3, 0xf8,
  0x83, 0xe3, 0xf8, 0x81, 0xdf, 0xf4, 0x6b, 0xb5, 0xc5, 0x69, 0x85, 0x8b,
  0xbd, 0xbd, 0xbd, 0x00, 0x00, 0x00, 0xff, 0xff, 0xff, 0xff, 0xff, 0xff,
  0xc7, 0xc7, 0xc7, 0x6e, 0x86, 0x8b, 0x65, 0xaa, 0xb9, 0x80, 0xdd, 0xf2,
  0x83, 0xe3, 0xf8, 0x83, 0xe3, 0xf8, 0x84, 0xe4, 0xf9, 0x84, 0xe4, 0xf9,
  0x84, 0xe4, 0xf9, 0x83, 0xe3, 0xf8, 0x83, 0xe3, 0xf8, 0x83, 0xe3, 0xf8,
  0x84, 0xe4, 0xf9, 0x84, 0xe4, 0xf9, 0x84, 0xe4, 0xf9, 0x84, 0xe4, 0xf9,
  0x84, 0xe4, 0xf9, 0x84, 0xe4, 0xf9, 0x84, 0xe4, 0xf9, 0x84, 0xe4, 0xf9,
  0x84, 0xe4, 0xf9, 0x84, 0xe4, 0xf9, 0x84, 0xe4, 0xf9, 0x84, 0xe4, 0xf9,
  0x84, 0xe4, 0xf9, 0x84, 0xe4, 0xf9, 0x84, 0xe4, 0xf9, 0x84, 0xe4, 0xf9,
  0x84, 0xe4, 0xf9, 0x83, 0xe3, 0xf8, 0x85, 0xe3, 0xf7, 0x75, 0xc0, 0xd1,
  0x38, 0x55, 0x5c, 0x13, 0x17, 0x13, 0x1d, 0x23, 0x21, 0x21, 0x26, 0x36,
  0x2a, 0x2f, 0x5a, 0x31, 0x39, 0x7a, 0x32, 0x3f, 0x8e, 0x35, 0x43, 0x99,
  0x36, 0x44, 0x9c, 0x36, 0x44, 0x9c, 0x33, 0x41, 0x98, 0x32, 0x42, 0x97,
  0x33, 0x40, 0x8d, 0x1b, 0x21, 0x48, 0x09, 0x0c, 0x1d, 0x0f, 0x13, 0x2d,
  0x12, 0x17, 0x37, 0x17, 0x1e, 0x4f, 0x1e, 0x26, 0x67, 0x22, 0x2b, 0x74,
  0x24, 0x2d, 0x7c, 0x24, 0x2f, 0x7e, 0x25, 0x32, 0x83, 0x2b, 0x3b, 0x93,
  0x34, 0x48, 0xa8, 0x28, 0x3a, 0x84, 0x1c, 0x25, 0x4f, 0x1c, 0x25, 0x3c,
  0x13, 0x1a, 0x27, 0x12, 0x15, 0x31, 0x2c, 0x30, 0x71, 0x53, 0x5d, 0xbc,
  0x6d, 0x7b, 0xe6, 0x73, 0x82, 0xe8, 0x57, 0x64, 0xa7, 0x4a, 0x6f, 0x89,
  0x6d, 0xbc, 0xcc, 0x84, 0xe3, 0xf8, 0x83, 0xe3, 0xf9, 0x84, 0xe4, 0xf9,
  0x84, 0xe4, 0xf9, 0x84, 0xe4, 0xf9, 0x84, 0xe4, 0xf9, 0x84, 0xe4, 0xf9,
  0x84, 0xe4, 0xf9, 0x84, 0xe4, 0xf9, 0x84, 0xe4, 0xf9, 0x84, 0xe4, 0xf9,
  0x84, 0xe4, 0xf9, 0x84, 0xe4, 0xf9, 0x84, 0xe4, 0xf8, 0x84, 0xe4, 0xf8,
  0x84, 0xe4, 0xf9, 0x84, 0xe4, 0xf9, 0x84, 0xe4, 0xf9, 0x84, 0xe4, 0xf9,
  0x84, 0xe4, 0xf9, 0x81, 0xdf, 0xf4, 0x6b, 0xb5, 0xc5, 0x69, 0x85, 0x8b,
  0xbd, 0xbd, 0xbd, 0x00, 0x00, 0x00, 0xff, 0xff, 0xff, 0xff, 0xff, 0xff,
  0xc7, 0xc7, 0xc7, 0x6e, 0x86, 0x8b, 0x65, 0xaa, 0xb9, 0x80, 0xde, 0xf2,
  0x84, 0xe4, 0xf9, 0x84, 0xe4, 0xf9, 0x84, 0xe4, 0xf9, 0x84, 0xe4, 0xf9,
  0x84, 0xe4, 0xf9, 0x84, 0xe4, 0xf8, 0x84, 0xe4, 0xf8, 0x84, 0xe4, 0xf9,
  0x84, 0xe4, 0xf9, 0x84, 0xe4, 0xf9, 0x84, 0xe4, 0xf9, 0x84, 0xe4, 0xf9,
  0x84, 0xe4, 0xf9, 0x84, 0xe4, 0xf9, 0x84, 0xe4, 0xf9, 0x84, 0xe4, 0xf9,
  0x84, 0xe4, 0xf9, 0x84, 0xe4, 0xf9, 0x84, 0xe4, 0xf9, 0x84, 0xe4, 0xf9,
  0x84, 0xe4, 0xf9, 0x84, 0xe4, 0xf9, 0x84, 0xe4, 0xf9, 0x84, 0xe4, 0xf9,
  0x84, 0xe4, 0xf9, 0x84, 0xe4, 0xf9, 0x85, 0xe3, 0xf8, 0x7b, 0xc9, 0xd9,
  0x52, 0x75, 0x79, 0x2f, 0x38, 0x36, 0x1e, 0x26, 0x29, 0x10, 0x13, 0x22,
  0x19, 0x1c, 0x3f, 0x28, 0x2d, 0x68, 0x2c, 0x37, 0x7f, 0x30, 0x3d, 0x8a,
  0x33, 0x40, 0x93, 0x35, 0x41, 0x97, 0x35, 0x42, 0x98, 0x36, 0x43, 0x9a,
  0x37, 0x44, 0x9a, 0x33, 0x3c, 0x84, 0x20, 0x24, 0x4d, 0x0e, 0x11, 0x24,
  0x0e, 0x12, 0x25, 0x11, 0x14, 0x2d, 0x0f, 0x11, 0x2d, 0x19, 0x1e, 0x4a,
  0x27, 0x30, 0x6f, 0x2b, 0x35, 0x7d, 0x2d, 0x39, 0x83, 0x2e, 0x38, 0x7c,
  0x22, 0x29, 0x59, 0x0d, 0x10, 0x27, 0x06, 0x07, 0x14, 0x09, 0x0a, 0x27,
  0x20, 0x23, 0x61, 0x49, 0x52, 0xaa, 0x66, 0x73, 0xd7, 0x74, 0x83, 0xed,
  0x79, 0x89, 0xf4, 0x71, 0x7f, 0xde, 0x4c, 0x55, 0x8e, 0x41, 0x60, 0x77,
  0x6b, 0xb6, 0xc8, 0x83, 0xe3, 0xf8, 0x83, 0xe3, 0xf8, 0x83, 0xe3, 0xf8,
  0x83, 0xe3, 0xf8, 0x83, 0xe3, 0xf8, 0x84, 0xe4, 0xf9, 0x84, 0xe4, 0xf9,
  0x84, 0xe4, 0xf9, 0x83, 0xe3, 0xf8, 0x83, 0xe3, 0xf8, 0x84, 0xe4, 0xf9,
  0x83, 0xe3, 0xf8, 0x83, 0xe3, 0xf8, 0x84, 0xe4, 0xf8, 0x84, 0xe4, 0xf8,
  0x84, 0xe4, 0xf9, 0x83, 0xe3, 0xf8, 0x83, 0xe3, 0xf8, 0x84, 0xe4, 0xf9,
  0x84, 0xe4, 0xf9, 0x81, 0xdf, 0xf4, 0x6b, 0xb5, 0xc5, 0x69, 0x85, 0x8b,
  0xbd, 0xbd, 0xbd, 0x00, 0x00, 0x00, 0xff, 0xff, 0xff, 0xff, 0xff, 0xff,
  0xc7, 0xc7, 0xc7, 0x6e, 0x86, 0x8b, 0x65, 0xaa, 0xb9, 0x80, 0xde, 0xf2,
  0x83, 0xe3, 0xf9, 0x83, 0xe3, 0xf9, 0x84, 0xe4, 0xf9, 0x84, 0xe4, 0xf9,
  0x84, 0xe4, 0xf9, 0x84, 0xe4, 0xf8, 0x83, 0xe3, 0xf8, 0x83, 0xe3, 0xf8,
  0x84, 0xe4, 0xf8, 0x84, 0xe4, 0xf8, 0x84, 0xe4, 0xf9, 0x84, 0xe4, 0xf9,
  0x84, 0xe4, 0xf9, 0x84, 0xe4, 0xf9, 0x84, 0xe4, 0xf9, 0x84, 0xe4, 0xf9,
  0x84, 0xe4, 0xf9, 0x84, 0xe4, 0xf9, 0x84, 0xe4, 0xf9, 0x84, 0xe4, 0xf9,
  0x84, 0xe4, 0xf9, 0x84, 0xe4, 0xf9, 0x84, 0xe4, 0xf9, 0x84, 0xe4, 0xf9,
  0x84, 0xe4, 0xf9, 0x84, 0xe4, 0xf9, 0x84, 0xe4, 0xf8, 0x75, 0xc8, 0xd7,
  0x54, 0x7e, 0x7b, 0x6a, 0x85, 0x64, 0x85, 0xa7, 0x7f, 0x49, 0x5d, 0x5c,
  0x12, 0x16, 0x40, 0x09, 0x09, 0x3e, 0x0a, 0x0c, 0x3a, 0x0b, 0x0e, 0x33,
  0x0e, 0x11, 0x34, 0x1a, 0x20, 0x4a, 0x28, 0x31, 0x6a, 0x2f, 0x38, 0x7e,
  0x32, 0x3d, 0x8b, 0x34, 0x40, 0x90, 0x30, 0x3a, 0x86, 0x2a, 0x33, 0x71,
  0x1f, 0x25, 0x4e, 0x12, 0x15, 0x2c, 0x0e, 0x0f, 0x20, 0x11, 0x13, 0x2b,
  0x16, 0x18, 0x34, 0x12, 0x14, 0x2c, 0x0d, 0x0f, 0x24, 0x0c, 0x0e, 0x20,
  0x08, 0x08, 0x17, 0x05, 0x05, 0x1d, 0x0b, 0x0b, 0x4a, 0x13, 0x13, 0x7b,
  0x36, 0x3a, 0xb0, 0x66, 0x72, 0xe3, 0x78, 0x88, 0xf3, 0x7a, 0x8a, 0xf4,
  0x7a, 0x8a, 0xf4, 0x69, 0x76, 0xd0, 0x3e, 0x45, 0x79, 0x3a, 0x55, 0x6b,
  0x6a, 0xb0, 0xc2, 0x84, 0xe1, 0xf6, 0x83, 0xe3, 0xf8, 0x83, 0xe3, 0xf8,
  0x83, 0xe3, 0xf8, 0x83, 0xe3, 0xf8, 0x84, 0xe4, 0xf9, 0x83, 0xe3, 0xf8,
  0x83, 0xe3, 0xf8, 0x83, 0xe3, 0xf8, 0x83, 0xe3, 0xf8, 0x84, 0xe4, 0xf9,
  0x83, 0xe3, 0xf8, 0x83, 0xe3, 0xf8, 0x84, 0xe4, 0xf9, 0x84, 0xe4, 0xf9,
  0x84, 0xe4, 0xf9, 0x83, 0xe3, 0xf8, 0x83, 0xe3, 0xf8, 0x84, 0xe4, 0xf9,
  0x84, 0xe4, 0xf9, 0x81, 0xdf, 0xf4, 0x6b, 0xb5, 0xc5, 0x69, 0x85, 0x8b,
  0xbd, 0xbd, 0xbd, 0x00, 0x00, 0x00, 0xff, 0xff, 0xff, 0xff, 0xff, 0xff,
  0xc7, 0xc7, 0xc7, 0x6e, 0x86, 0x8b, 0x65, 0xaa, 0xb9, 0x80, 0xde, 0xf2,
  0x83, 0xe3, 0xf9, 0x83, 0xe3, 0xf9, 0x84, 0xe4, 0xf9, 0x84, 0xe4, 0xf9,
  0x84, 0xe4, 0xf9, 0x84, 0xe4, 0xf9, 0x83, 0xe3, 0xf8, 0x83, 0xe3, 0xf8,
  0x84, 0xe4, 0xf8, 0x84, 0xe4, 0xf8, 0x84, 0xe4, 0xf9, 0x84, 0xe4, 0xf9,
  0x84, 0xe4, 0xf9, 0x84, 0xe4, 0xf9, 0x84, 0xe4, 0xf9, 0x84, 0xe4, 0xf9,
  0x84, 0xe4, 0xf9, 0x84, 0xe4, 0xf9, 0x84, 0xe4, 0xf9, 0x84, 0xe4, 0xf9,
  0x84, 0xe4, 0xf9, 0x84, 0xe4, 0xf9, 0x84, 0xe4, 0xf9, 0x84, 0xe4, 0xf9,
  0x84, 0xe4, 0xf9, 0x84, 0xe4, 0xf8, 0x83, 0xe4, 0xf8, 0x71, 0xc4, 0xd5,
  0x48, 0x72, 0x71, 0x69, 0x83, 0x5e, 0x9b, 0xbf, 0x8c, 0x5a, 0x6f, 0x6b,
  0x0f, 0x13, 0x43, 0x00, 0x00, 0x3a, 0x00, 0x00, 0x36, 0x00, 0x00, 0x34,
  0x00, 0x00, 0x34, 0x04, 0x05, 0x39, 0x0a, 0x0b, 0x3d, 0x0b, 0x0d, 0x39,
  0x0c, 0x0e, 0x33, 0x0c, 0x10, 0x31, 0x0d, 0x11, 0x35, 0x11, 0x15, 0x3c,
  0x10, 0x14, 0x35, 0x09, 0x0b, 0x1f, 0x05, 0x05, 0x0f, 0x04, 0x04, 0x0e,
  0x04, 0x04, 0x11, 0x03, 0x04, 0x15, 0x03, 0x03, 0x20, 0x08, 0x07, 0x38,
  0x0d, 0x0d, 0x58, 0x10, 0x10, 0x73, 0x13, 0x13, 0x8d, 0x17, 0x17, 0x9f,
  0x3b, 0x40, 0xc2, 0x6b, 0x77, 0xea, 0x79, 0x89, 0xf5, 0x7a, 0x8a, 0xf5,
  0x78, 0x88, 0xf1, 0x6b, 0x78, 0xd3, 0x4c, 0x54, 0x92, 0x45, 0x5a, 0x7a,
  0x66, 0xa0, 0xb4, 0x7f, 0xd8, 0xeb, 0x84, 0xe4, 0xf9, 0x83, 0xe3, 0xf9,
  0x83, 0xe3, 0xf8, 0x83, 0xe3, 0xf8, 0x84, 0xe4, 0xf9, 0x83, 0xe3, 0xf8,
  0x83, 0xe3, 0xf8, 0x84, 0xe4, 0xf9, 0x84, 0xe4, 0xf9, 0x84, 0xe4, 0xf9,
  0x84, 0xe4, 0xf9, 0x84, 0xe4, 0xf9, 0x84, 0xe4, 0xf9, 0x84, 0xe4, 0xf9,
  0x84, 0xe4, 0xf9, 0x84, 0xe4, 0xf8, 0x84, 0xe4, 0xf8, 0x84, 0xe4, 0xf9,
  0x84, 0xe4, 0xf9, 0x81, 0xdf, 0xf4, 0x6b, 0xb5, 0xc5, 0x69, 0x85, 0x8b,
  0xbd, 0xbd, 0xbd, 0x00, 0x00, 0x00, 0xff, 0xff, 0xff, 0xff, 0xff, 0xff,
  0xc7, 0xc7, 0xc7, 0x6e, 0x86, 0x8b, 0x65, 0xaa, 0xb9, 0x80, 0xde, 0xf2,
  0x84, 0xe4, 0xf8, 0x84, 0xe4, 0xf8, 0x84, 0xe4, 0xf8, 0x84, 0xe4, 0xf8,
  0x84, 0xe4, 0xf9, 0x84, 0xe4, 0xf8, 0x84, 0xe4, 0xf8, 0x84, 0xe4, 0xf9,
  0x84, 0xe4, 0xf9, 0x84, 0xe4, 0xf9, 0x84, 0xe4, 0xf9, 0x84, 0xe4, 0xf9,
  0x84, 0xe4, 0xf9, 0x84, 0xe4, 0xf9, 0x84, 0xe4, 0xf9, 0x84, 0xe4, 0xf9,
  0x84, 0xe4, 0xf9, 0x84, 0xe4, 0xf9, 0x84, 0xe4, 0xf9, 0x84, 0xe4, 0xf8,
  0x84, 0xe4, 0xf8, 0x84, 0xe4, 0xf9, 0x84, 0xe4, 0xf9, 0x84, 0xe4, 0xf9,
  0x84, 0xe4, 0xf9, 0x84, 0xe4, 0xf8, 0x83, 0xe4, 0xf8, 0x72, 0xc6, 0xd8,
  0x3e, 0x66, 0x6b, 0x30, 0x3e, 0x2f, 0x56, 0x6a, 0x51, 0x3e, 0x4e, 0x54,
  0x0b, 0x0f, 0x41, 0x00, 0x00, 0x3d, 0x00, 0x00, 0x3d, 0x00, 0x00, 0x3d,
  0x00, 0x00, 0x3d, 0x00, 0x00, 0x3c, 0x00, 0x00, 0x39, 0x00, 0x00, 0x36,
  0x00, 0x00, 0x34, 0x00, 0x00, 0x33, 0x00, 0x00, 0x33, 0x01, 0x01, 0x35,
  0x02, 0x03, 0x36, 0x02, 0x02, 0x34, 0x00, 0x00, 0x32, 0x00, 0x00, 0x37,
  0x01, 0x00, 0x42, 0x03, 0x02, 0x50, 0x07, 0x07, 0x5f, 0x0c, 0x0b, 0x72,
  0x0f, 0x0f, 0x85, 0x11, 0x12, 0x93, 0x14, 0x14, 0x9d, 0x17, 0x17, 0xa3,
  0x3b, 0x40, 0xc2, 0x6b, 0x78, 0xe9, 0x7a, 0x89, 0xf5, 0x7a, 0x8a, 0xf5,
  0x75, 0x86, 0xec, 0x70, 0x80, 0xde, 0x62, 0x6e, 0xbb, 0x57, 0x6c, 0x98,
  0x68, 0xa2, 0xb7, 0x7e, 0xd6, 0xea, 0x84, 0xe4, 0xf9, 0x84, 0xe4, 0xf9,
  0x84, 0xe4, 0xf9, 0x84, 0xe4, 0xf9, 0x84, 0xe4, 0xf9, 0x84, 0xe4, 0xf9,
  0x83, 0xe3, 0xf8, 0x83, 0xe3, 0xf8, 0x84, 0xe4, 0xf9, 0x84, 0xe4, 0xf9,
  0x84, 0xe4, 0xf9, 0x84, 0xe4, 0xf9, 0x84, 0xe4, 0xf9, 0x84, 0xe4, 0xf9,
  0x84, 0xe4, 0xf9, 0x84, 0xe4, 0xf8, 0x84, 0xe4, 0xf8, 0x84, 0xe4, 0xf9,
  0x84, 0xe4, 0xf9, 0x81, 0xdf, 0xf3, 0x6b, 0xb5, 0xc5, 0x69, 0x85, 0x8b,
  0xbd, 0xbd, 0xbd, 0x00, 0x00, 0x00, 0xff, 0xff, 0xff, 0xff, 0xff, 0xff,
  0xc7, 0xc7, 0xc7, 0x6e, 0x86, 0x8b, 0x65, 0xaa, 0xb9, 0x80, 0xde, 0xf2,
  0x84, 0xe4, 0xf8, 0x84, 0xe4, 0xf8, 0x84, 0xe4, 0xf8, 0x84, 0xe4, 0xf8,
  0x84, 0xe4, 0xf9, 0x84, 0xe4, 0xf8, 0x84, 0xe4, 0xf8, 0x84, 0xe4, 0xf9,
  0x84, 0xe4, 0xf9, 0x84, 0xe4, 0xf9, 0x84, 0xe4, 0xf9, 0x84, 0xe4, 0xf9,
  0x84, 0xe4, 0xf9, 0x84, 0xe4, 0xf8, 0x84, 0xe4, 0xf8, 0x84, 0xe4, 0xf9,
  0x84, 0xe4, 0xf9, 0x84, 0xe4, 0xf9, 0x84, 0xe4, 0xf9, 0x84, 0xe4, 0xf8,
  0x84, 0xe4, 0xf8, 0x84, 0xe4, 0xf9, 0x84, 0xe4, 0xf9, 0x84, 0xe4, 0xf9,
  0x84, 0xe4, 0xf9, 0x84, 0xe4, 0xf9, 0x84, 0xe3, 0xf9, 0x73, 0xc4, 0xd7,
  0x4a, 0x74, 0x74, 0x5c, 0x75, 0x54, 0x74, 0x92, 0x69, 0x41, 0x52, 0x46,
  0x13, 0x18, 0x30, 0x03, 0x03, 0x34, 0x00, 0x00, 0x3a, 0x00, 0x00, 0x3d,
  0x00, 0x00, 0x3d, 0x00, 0x00, 0x3c, 0x00, 0x00, 0x3c, 0x00, 0x00, 0x3c,
  0x00, 0x00, 0x3d, 0x00, 0x00, 0x3d, 0x00, 0x00, 0x3d, 0x00, 0x00, 0x3c,
  0x00, 0x00, 0x3d, 0x00, 0x00, 0x40, 0x00, 0x00, 0x43, 0x01, 0x00, 0x4a,
  0x01, 0x00, 0x56, 0x05, 0x04, 0x65, 0x09, 0x0a, 0x73, 0x0d, 0x0d, 0x81,
  0x0f, 0x10, 0x8c, 0x11, 0x12, 0x95, 0x14, 0x14, 0x9d, 0x18, 0x17, 0xa4,
  0x3c, 0x41, 0xc2, 0x6b, 0x79, 0xe9, 0x7a, 0x8a, 0xf5, 0x7a, 0x8a, 0xf5,
  0x75, 0x85, 0xea, 0x72, 0x82, 0xe4, 0x61, 0x6e, 0xc0, 0x53, 0x6a, 0x97,
  0x69, 0xa5, 0xbb, 0x80, 0xd9, 0xed, 0x84, 0xe4, 0xf9, 0x84, 0xe4, 0xf9,
  0x84, 0xe4, 0xf9, 0x84, 0xe4, 0xf9, 0x84, 0xe4, 0xf9, 0x84, 0xe4, 0xf9,
  0x83, 0xe3, 0xf8, 0x83, 0xe3, 0xf8, 0x84, 0xe4, 0xf9, 0x84, 0xe4, 0xf9,
  0x84, 0xe4, 0xf9, 0x84, 0xe4, 0xf9, 0x84, 0xe4, 0xf9, 0x84, 0xe4, 0xf9,
  0x83, 0xe3, 0xf9, 0x83, 0xe3, 0xf9, 0x84, 0xe4, 0xf9, 0x84, 0xe4, 0xf9,
  0x84, 0xe4, 0xf9, 0x81, 0xdf, 0xf3, 0x6b, 0xb5, 0xc5, 0x69, 0x85, 0x8b,
  0xbd, 0xbd, 0xbd, 0x00, 0x00, 0x00, 0xff, 0xff, 0xff, 0xff, 0xff, 0xff,
  0xc7, 0xc7, 0xc7, 0x6e, 0x86, 0x8b, 0x65, 0xaa, 0xb9, 0x80, 0xde, 0xf2,
  0x84, 0xe4, 0xf9, 0x84, 0xe4, 0xf9, 0x84, 0xe4, 0xf9, 0x84, 0xe4, 0xf9,
  0x84, 0xe4, 0xf9, 0x84, 0xe4, 0xf9, 0x84, 0xe4, 0xf9, 0x84, 0xe4, 0xf9,
  0x84, 0xe4, 0xf8, 0x84, 0xe4, 0xf8, 0x84, 0xe4, 0xf8, 0x83, 0xe3, 0xf8,
  0x83, 0xe3, 0xf8, 0x84, 0xe4, 0xf8, 0x84, 0xe4, 0xf8, 0x84, 0xe4, 0xf9,
  0x84, 0xe4, 0xf9, 0x84, 0xe4, 0xf9, 0x84, 0xe4, 0xf9, 0x84, 0xe4, 0xf9,
  0x84, 0xe4, 0xf9, 0x84, 0xe4, 0xf9, 0x84, 0xe4, 0xf9, 0x84, 0xe4, 0xf9,
  0x84, 0xe4, 0xf9, 0x84, 0xe4, 0xf9, 0x84, 0xe3, 0xf9, 0x71, 0xc3, 0xd5,
  0x4a, 0x75, 0x72, 0x72, 0x92, 0x67, 0xa0, 0xca, 0x91, 0x71, 0x90, 0x71,
  0x4c, 0x5e, 0x5e, 0x40, 0x4d, 0x58, 0x2a, 0x33, 0x46, 0x10, 0x13, 0x3b,
  0x03, 0x03, 0x3a, 0x00, 0x00, 0x3b, 0x00, 0x00, 0x3c, 0x00, 0x00, 0x3d,
  0x00, 0x00, 0x3d, 0x00, 0x00, 0x3d, 0x00, 0x00, 0x3d, 0x00, 0x00, 0x3d,
  0x00, 0x00, 0x3e, 0x00, 0x00, 0x41, 0x00, 0x00, 0x45, 0x00, 0x00, 0x4c,
  0x01, 0x01, 0x58, 0x06, 0x04, 0x68, 0x0a, 0x09, 0x76, 0x0e, 0x0d, 0x82,
  0x10, 0x10, 0x8d, 0x11, 0x12, 0x95, 0x14, 0x14, 0x9c, 0x1a, 0x19, 0xa5,
  0x3e, 0x45, 0xc5, 0x6c, 0x7a, 0xea, 0x7a, 0x8a, 0xf5, 0x7a, 0x8a, 0xf5,
  0x78, 0x88, 0xf2, 0x76, 0x88, 0xef, 0x5a, 0x67, 0xb7, 0x47, 0x60, 0x85,
  0x69, 0xa8, 0xbb, 0x83, 0xdd, 0xf2, 0x84, 0xe4, 0xf9, 0x84, 0xe4, 0xf9,
  0x84, 0xe4, 0xf9, 0x84, 0xe4, 0xf9, 0x84, 0xe4, 0xf9, 0x84, 0xe4, 0xf9,
  0x84, 0xe4, 0xf8, 0x84, 0xe4, 0xf8, 0x84, 0xe4, 0xf9, 0x84, 0xe4, 0xf9,
  0x84, 0xe4, 0xf9, 0x84, 0xe4, 0xf9, 0x84, 0xe4, 0xf9, 0x84, 0xe4, 0xf9,
  0x83, 0xe3, 0xf9, 0x83, 0xe3, 0xf9, 0x84, 0xe4, 0xf9, 0x84, 0xe4, 0xf9,
  0x84, 0xe4, 0xf9, 0x81, 0xdf, 0xf4, 0x6b, 0xb5, 0xc5, 0x69, 0x85, 0x8b,
  0xbd, 0xbd, 0xbd, 0x00, 0x00, 0x00, 0xff, 0xff, 0xff, 0xff, 0xff, 0xff,
  0xc7, 0xc7, 0xc7, 0x6e, 0x86, 0x8b, 0x64, 0xaa, 0xb9, 0x80, 0xde, 0xf2,
  0x84, 0xe4, 0xf9, 0x84, 0xe4, 0xf8, 0x84, 0xe4, 0xf8, 0x84, 0xe4, 0xf9,
  0x84, 0xe4, 0xf9, 0x84, 0xe4, 0xf9, 0x84, 0xe4, 0xf9, 0x84, 0xe4, 0xf9,
  0x84, 0xe4, 0xf8, 0x84, 0xe4, 0xf8, 0x84, 0xe4, 0xf8, 0x83, 0xe3, 0xf8,
  0x83, 0xe3, 0xf8, 0x84, 0xe4, 0xf9, 0x84, 0xe4, 0xf9, 0x84, 0xe4, 0xf9,
  0x84, 0xe4, 0xf9, 0x84, 0xe4, 0xf9, 0x84, 0xe4, 0xf9, 0x84, 0xe4, 0xf9,
  0x84, 0xe4, 0xf8, 0x84, 0xe4, 0xf8, 0x84, 0xe4, 0xf9, 0x84, 0xe4, 0xf9,
  0x84, 0xe4, 0xf9, 0x84, 0xe4, 0xf8, 0x83, 0xe4, 0xf8, 0x6f, 0xc3, 0xd4,
  0x47, 0x71, 0x70, 0x6f, 0x8c, 0x64, 0xac, 0xd8, 0x9c, 0x93, 0xb6, 0x93,
  0x4a, 0x5b, 0x69, 0x19, 0x1d, 0x48, 0x10, 0x14, 0x40, 0x06, 0x07, 0x3b,
  0x01, 0x01, 0x3b, 0x00, 0x00, 0x3c, 0x00, 0x00, 0x3c, 0x00, 0x00, 0x3d,
  0x00, 0x00, 0x3d, 0x00, 0x00, 0x3d, 0x00, 0x00, 0x3d, 0x00, 0x00, 0x3d,
  0x00, 0x00, 0x3f, 0x00, 0x00, 0x42, 0x00, 0x00, 0x46, 0x00, 0x00, 0x4d,
  0x01, 0x01, 0x58, 0x05, 0x05, 0x68, 0x09, 0x09, 0x77, 0x0c, 0x0d, 0x83,
  0x0f, 0x10, 0x8d, 0x11, 0x12, 0x95, 0x14, 0x14, 0x9d, 0x1d, 0x1d, 0xa7,
  0x42, 0x49, 0xc8, 0x6e, 0x7c, 0xeb, 0x7a, 0x8a, 0xf5, 0x7a, 0x8a, 0xf5,
  0x79, 0x8a, 0xf4, 0x78, 0x88, 0xf0, 0x57, 0x62, 0xad, 0x43, 0x5f, 0x7d,
  0x6b, 0xaf, 0xc0, 0x84, 0xe2, 0xf6, 0x84, 0xe4, 0xf9, 0x84, 0xe4, 0xf9,
  0x84, 0xe4, 0xf9, 0x84, 0xe4, 0xf9, 0x84, 0xe4, 0xf9, 0x84, 0xe4, 0xf9,
  0x84, 0xe4, 0xf9, 0x84, 0xe4, 0xf9, 0x84, 0xe4, 0xf9, 0x84, 0xe4, 0xf9,
  0x84, 0xe4, 0xf9, 0x84, 0xe4, 0xf9, 0x84, 0xe4, 0xf9, 0x84, 0xe4, 0xf9,
  0x84, 0xe4, 0xf9, 0x84, 0xe4, 0xf9, 0x84, 0xe4, 0xf9, 0x84, 0xe4, 0xf9,
  0x84, 0xe4, 0xf9, 0x81, 0xdf, 0xf4, 0x6b, 0xb5, 0xc5, 0x69, 0x85, 0x8b,
  0xbd, 0xbd, 0xbd, 0x00, 0x00, 0x00, 0xff, 0xff, 0xff, 0xff, 0xff, 0xff,
  0xc7, 0xc7, 0xc7, 0x6e, 0x86, 0x8b, 0x64, 0xaa, 0xb9, 0x80, 0xde, 0xf2,
  0x84, 0xe4, 0xf9, 0x84, 0xe4, 0xf8, 0x84, 0xe4, 0xf8, 0x84, 0xe4, 0xf9,
  0x84, 0xe4, 0xf9, 0x84, 0xe4, 0xf9, 0x84, 0xe4, 0xf9, 0x84, 0xe4, 0xf9,
  0x83, 0xe3, 0xf8, 0x83, 0xe3, 0xf8, 0x84, 0xe4, 0xf9, 0x84, 0xe4, 0xf9,
  0x84, 0xe4, 0xf9, 0x84, 0xe4, 0xf9, 0x84, 0xe4, 0xf9, 0x84, 0xe4, 0xf9,
  0x84, 0xe4, 0xf9, 0x84, 0xe4, 0xf9, 0x84, 0xe4, 0xf9, 0x84, 0xe4, 0xf9,
  0x84, 0xe4, 0xf8, 0x84, 0xe4, 0xf8, 0x84, 0xe4, 0xf9, 0x84, 0xe4, 0xf8,
  0x84, 0xe4, 0xf8, 0x84, 0xe4, 0xf8, 0x83, 0xe4, 0xf8, 0x76, 0xcb, 0xde,
  0x57, 0x88, 0x8c, 0x6f, 0x8c, 0x6e, 0xa7, 0xce, 0x94, 0x9f, 0xc7, 0x97,
  0x47, 0x5a, 0x66, 0x02, 0x04, 0x3e, 0x00, 0x01, 0x3d, 0x00, 0x00, 0x3d,
  0x00, 0x00, 0x3d, 0x00, 0x00, 0x3d, 0x00, 0x00, 0x3d, 0x00, 0x00, 0x3d,
  0x00, 0x00, 0x3d, 0x00, 0x00, 0x3d, 0x00, 0x00, 0x3d, 0x00, 0x00, 0x3c,
  0x00, 0x00, 0x3f, 0x00, 0x00, 0x42, 0x00, 0x00, 0x46, 0x00, 0x00, 0x4e,
  0x01, 0x01, 0x5a, 0x06, 0x05, 0x68, 0x09, 0x0a, 0x77, 0x0c, 0x0d, 0x84,
  0x0f, 0x10, 0x8e, 0x11, 0x12, 0x97, 0x14, 0x14, 0x9e, 0x23, 0x24, 0xab,
  0x4b, 0x54, 0xcd, 0x70, 0x7f, 0xed, 0x7a, 0x8a, 0xf5, 0x7a, 0x89, 0xf5,
  0x76, 0x85, 0xec, 0x5e, 0x6c, 0xbd, 0x34, 0x3d, 0x67, 0x37, 0x54, 0x64,
  0x6c, 0xb4, 0xc4, 0x85, 0xe3, 0xf7, 0x84, 0xe4, 0xf9, 0x84, 0xe4, 0xf9,
  0x84, 0xe4, 0xf9, 0x84, 0xe4, 0xf9, 0x84, 0xe4, 0xf9, 0x84, 0xe4, 0xf9,
  0x84, 0xe4, 0xf9, 0x84, 0xe4, 0xf9, 0x84, 0xe4, 0xf9, 0x84, 0xe4, 0xf9,
  0x84, 0xe4, 0xf9, 0x84, 0xe4, 0xf9, 0x84, 0xe4, 0xf9, 0x84, 0xe4, 0xf9,
  0x84, 0xe4, 0xf9, 0x84, 0xe4, 0xf9, 0x84, 0xe4, 0xf9, 0x84, 0xe4, 0xf9,
  0x84, 0xe4, 0xf9, 0x81, 0xdf, 0xf4, 0x6b, 0xb5, 0xc5, 0x69, 0x85, 0x8b,
  0xbd, 0xbd, 0xbd, 0x00, 0x00, 0x00, 0xff, 0xff, 0xff, 0xff, 0xff, 0xff,
  0xc7, 0xc7, 0xc7, 0x6e, 0x86, 0x8b, 0x65, 0xaa, 0xb9, 0x80, 0xdd, 0xf2,
  0x83, 0xe3, 0xf8, 0x84, 0xe4, 0xf9, 0x84, 0xe4, 0xf9, 0x84, 0xe4, 0xf9,
  0x84, 0xe4, 0xf9, 0x84, 0xe4, 0xf9, 0x84, 0xe4, 0xf9, 0x84, 0xe4, 0xf9,
  0x83, 0xe3, 0xf8, 0x83, 0xe3, 0xf8, 0x84, 0xe4, 0xf9, 0x84, 0xe4, 0xf9,
  0x84, 0xe4, 0xf9, 0x84, 0xe4, 0xf9, 0x84, 0xe4, 0xf9, 0x84, 0xe4, 0xf9,
  0x83, 0xe3, 0xf9, 0x83, 0xe3, 0xf9, 0x83, 0xe3, 0xf9, 0x84, 0xe4, 0xf8,
  0x84, 0xe4, 0xf8, 0x84, 0xe4, 0xf9, 0x84, 0xe4, 0xf9, 0x83, 0xe3, 0xf8,
  0x83, 0xe3, 0xf8, 0x84, 0xe4, 0xf9, 0x84, 0xe4, 0xf9, 0x80, 0xdd, 0xf1,
  0x6d, 0xb5, 0xc2, 0x58, 0x7e, 0x73, 0x84, 0xa4, 0x75, 0xa3, 0xcd, 0x97,
  0x54, 0x6c, 0x6c, 0x0b, 0x0f, 0x42, 0x00, 0x00, 0x3d, 0x00, 0x00, 0x3d,
  0x00, 0x00, 0x3d, 0x00, 0x00, 0x3d, 0x00, 0x00, 0x3d, 0x00, 0x00, 0x3d,
  0x00, 0x00, 0x3d, 0x00, 0x00, 0x3d, 0x00, 0x00, 0x3d, 0x00, 0x00, 0x3c,
  0x00, 0x00, 0x3e, 0x00, 0x00, 0x42, 0x00, 0x00, 0x46, 0x00, 0x00, 0x4f,
  0x01, 0x01, 0x5c, 0x07, 0x05, 0x6a, 0x0a, 0x0a, 0x78, 0x0b, 0x0d, 0x85,
  0x0e, 0x0f, 0x8e, 0x11, 0x12, 0x96, 0x14, 0x14, 0x9d, 0x32, 0x35, 0xb9,
  0x60, 0x6c, 0xe0, 0x76, 0x86, 0xf2, 0x79, 0x8a, 0xf4, 0x71, 0x81, 0xe2,
  0x5a, 0x69, 0xb1, 0x4b, 0x63, 0x97, 0x49, 0x69, 0x92, 0x4e, 0x75, 0x90,
  0x68, 0xa7, 0xba, 0x7f, 0xd7, 0xea, 0x83, 0xe3, 0xf8, 0x83, 0xe4, 0xf9,
  0x84, 0xe4, 0xf8, 0x84, 0xe4, 0xf8, 0x84, 0xe4, 0xf9, 0x84, 0xe4, 0xf9,
  0x84, 0xe4, 0xf9, 0x84, 0xe4, 0xf9, 0x84, 0xe4, 0xf9, 0x84, 0xe4, 0xf9,
  0x84, 0xe4, 0xf8, 0x84, 0xe4, 0xf8, 0x84, 0xe4, 0xf9, 0x84, 0xe4, 0xf9,
  0x84, 0xe4, 0xf9, 0x84, 0xe4, 0xf9, 0x84, 0xe4, 0xf8, 0x84, 0xe4, 0xf8,
  0x84, 0xe4, 0xf9, 0x81, 0xdf, 0xf4, 0x6b, 0xb5, 0xc5, 0x69, 0x85, 0x8b,
  0xbd, 0xbd, 0xbd, 0x00, 0x00, 0x00, 0xff, 0xff, 0xff, 0xff, 0xff, 0xff,
  0xc7, 0xc7, 0xc7, 0x6e, 0x86, 0x8b, 0x65, 0xaa, 0xb9, 0x80, 0xdd, 0xf2,
  0x83, 0xe3, 0xf8, 0x84, 0xe4, 0xf9, 0x84, 0xe4, 0xf9, 0x84, 0xe4, 0xf9,
  0x84, 0xe4, 0xf9, 0x84, 0xe4, 0xf9, 0x84, 0xe4, 0xf9, 0x84, 0xe4, 0xf9,
  0x83, 0xe3, 0xf9, 0x83, 0xe3, 0xf9, 0x84, 0xe4, 0xf9, 0x84, 0xe4, 0xf9,
  0x84, 0xe4, 0xf9, 0x84, 0xe4, 0xf9, 0x84, 0xe4, 0xf9, 0x84, 0xe4, 0xf9,
  0x83, 0xe3, 0xf9, 0x83, 0xe3, 0xf9, 0x83, 0xe3, 0xf9, 0x84, 0xe4, 0xf8,
  0x84, 0xe4, 0xf8, 0x84, 0xe4, 0xf9, 0x84, 0xe4, 0xf9, 0x83, 0xe3, 0xf8,
  0x83, 0xe3, 0xf8, 0x83, 0xe3, 0xf8, 0x83, 0xe3, 0xf8, 0x84, 0xe3, 0xf8,
  0x7c, 0xd1, 0xe3, 0x63, 0x9a, 0x9f, 0x70, 0x91, 0x76, 0x9a, 0xc1, 0x8d,
  0x85, 0xa9, 0x8c, 0x32, 0x3f, 0x5c, 0x00, 0x00, 0x3d, 0x00, 0x00, 0x3d,
  0x00, 0x00, 0x3d, 0x00, 0x00, 0x3d, 0x00, 0x00, 0x3d, 0x00, 0x00, 0x3d,
  0x00, 0x00, 0x3d, 0x00, 0x00, 0x3d, 0x00, 0x00, 0x3d, 0x00, 0x00, 0x3c,
  0x00, 0x00, 0x3e, 0x00, 0x00, 0x42, 0x00, 0x00, 0x46, 0x00, 0x00, 0x4f,
  0x02, 0x01, 0x5b, 0x06, 0x05, 0x69, 0x09, 0x0a, 0x78, 0x0b, 0x0d, 0x85,
  0x0e, 0x0f, 0x8e, 0x11, 0x12, 0x96, 0x14, 0x15, 0x9e, 0x39, 0x3f, 0xc0,
  0x6a, 0x77, 0xe9, 0x78, 0x88, 0xf1, 0x6a, 0x77, 0xd1, 0x53, 0x62, 0xa3,
  0x4f, 0x6b, 0x9e, 0x5d, 0x8b, 0xc0, 0x61, 0x93, 0xc7, 0x4f, 0x74, 0x95,
  0x51, 0x7f, 0x91, 0x72, 0xc2, 0xd3, 0x83, 0xe3, 0xf8, 0x83, 0xe4, 0xf8,
  0x84, 0xe4, 0xf8, 0x84, 0xe4, 0xf8, 0x84, 0xe4, 0xf9, 0x84, 0xe4, 0xf9,
  0x84, 0xe4, 0xf9, 0x84, 0xe4, 0xf9, 0x84, 0xe4, 0xf9, 0x84, 0xe4, 0xf9,
  0x83, 0xe3, 0xf8, 0x83, 0xe3, 0xf8, 0x83, 0xe3, 0xf9, 0x83, 0xe3, 0xf9,
  0x84, 0xe4, 0xf9, 0x84, 0xe4, 0xf9, 0x84, 0xe4, 0xf8, 0x84, 0xe4, 0xf8,
  0x84, 0xe4, 0xf8, 0x81, 0xdf, 0xf3, 0x6b, 0xb5, 0xc5, 0x69, 0x85, 0x8b,
  0xbd, 0xbd, 0xbd, 0x00, 0x00, 0x00, 0xff, 0xff, 0xff, 0xff, 0xff, 0xff,
  0xc7, 0xc7, 0xc7, 0x6e, 0x86, 0x8b, 0x65, 0xaa, 0xb9, 0x80, 0xde, 0xf2,
  0x84, 0xe4, 0xf9, 0x84, 0xe4, 0xf9, 0x84, 0xe4, 0xf9, 0x84, 0xe4, 0xf9,
  0x84, 0xe4, 0xf9, 0x84, 0xe4, 0xf9, 0x84, 0xe4, 0xf9, 0x84, 0xe4, 0xf9,
  0x84, 0xe4, 0xf9, 0x83, 0xe3, 0xf9, 0x83, 0xe3, 0xf9, 0x84, 0xe4, 0xf9,
  0x83, 0xe3, 0xf8, 0x83, 0xe3, 0xf8, 0x83, 0xe3, 0xf8, 0x84, 0xe4, 0xf9,
  0x83, 0xe3, 0xf9, 0x83, 0xe3, 0xf9, 0x83, 0xe3, 0xf9, 0x84, 0xe4, 0xf9,
  0x84, 0xe4, 0xf9, 0x83, 0xe3, 0xf8, 0x83, 0xe3, 0xf8, 0x84, 0xe4, 0xf9,
  0x84, 0xe4, 0xf9, 0x83, 0xe3, 0xf8, 0x83, 0xe3, 0xf8, 0x84, 0xe4, 0xf9,
  0x82, 0xdf, 0xf3, 0x73, 0xbf, 0xce, 0x5b, 0x85, 0x80, 0x7a, 0x98, 0x73,
  0x9b, 0xc0, 0x93, 0x55, 0x6a, 0x6e, 0x0c, 0x0f, 0x43, 0x00, 0x00, 0x3d,
  0x00, 0x00, 0x3d, 0x00, 0x00, 0x3d, 0x00, 0x00, 0x3d, 0x00, 0x00, 0x3d,
  0x00, 0x00, 0x3d, 0x00, 0x00, 0x3d, 0x00, 0x00, 0x3d, 0x00, 0x00, 0x3c,
  0x00, 0x00, 0x3e, 0x00, 0x00, 0x41, 0x00, 0x00, 0x46, 0x00, 0x00, 0x4d,
  0x02, 0x01, 0x59, 0x05, 0x05, 0x68, 0x08, 0x0a, 0x78, 0x0b, 0x0d, 0x85,
  0x0e, 0x10, 0x8f, 0x11, 0x13, 0x97, 0x18, 0x19, 0xa1, 0x3e, 0x45, 0xc4,
  0x67, 0x74, 0xdd, 0x5b, 0x67, 0xb4, 0x49, 0x5c, 0x91, 0x54, 0x76, 0xa9,
  0x63, 0x94, 0xce, 0x66, 0x99, 0xd1, 0x4d, 0x71, 0x98, 0x39, 0x54, 0x67,
  0x51, 0x85, 0x93, 0x76, 0xcb, 0xdd, 0x83, 0xe3, 0xf8, 0x83, 0xe3, 0xf8,
  0x84, 0xe4, 0xf8, 0x84, 0xe4, 0xf8, 0x84, 0xe4, 0xf9, 0x84, 0xe4, 0xf9,
  0x84, 0xe4, 0xf9, 0x84, 0xe4, 0xf9, 0x84, 0xe4, 0xf9, 0x84, 0xe4, 0xf9,
  0x83, 0xe3, 0xf8, 0x83, 0xe3, 0xf8, 0x83, 0xe3, 0xf9, 0x83, 0xe3, 0xf9,
  0x84, 0xe4, 0xf9, 0x84, 0xe4, 0xf9, 0x84, 0xe4, 0xf9, 0x84, 0xe4, 0xf9,
  0x84, 0xe4, 0xf8, 0x81, 0xdf, 0xf3, 0x6b, 0xb5, 0xc5, 0x69, 0x85, 0x8b,
  0xbd, 0xbd, 0xbd, 0x00, 0x00, 0x00, 0xff, 0xff, 0xff, 0xff, 0xff, 0xff,
  0xc7, 0xc7, 0xc7, 0x6e, 0x85, 0x8b, 0x65, 0xaa, 0xb9, 0x80, 0xde, 0xf2,
  0x84, 0xe4, 0xf8, 0x84, 0xe4, 0xf9, 0x84, 0xe4, 0xf9, 0x84, 0xe4, 0xf9,
  0x84, 0xe4, 0xf9, 0x84, 0xe4, 0xf9, 0x84, 0xe4, 0xf9, 0x83, 0xe3, 0xf8,
  0x83, 0xe3, 0xf8, 0x83, 0xe3, 0xf9, 0x83, 0xe3, 0xf9, 0x84, 0xe4, 0xf9,
  0x83, 0xe3, 0xf8, 0x83, 0xe3, 0xf8, 0x83, 0xe3, 0xf8, 0x84, 0xe4, 0xf9,
  0x83, 0xe3, 0xf9, 0x83, 0xe3, 0xf9, 0x83, 0xe3, 0xf9, 0x84, 0xe4, 0xf9,
  0x83, 0xe3, 0xf8, 0x83, 0xe3, 0xf8, 0x83, 0xe3, 0xf8, 0x84, 0xe4, 0xf9,
  0x83, 0xe3, 0xf8, 0x83, 0xe3, 0xf8, 0x84, 0xe4, 0xf9, 0x83, 0xe3, 0xf8,
  0x83, 0xe3, 0xf8, 0x7f, 0xda, 0xed, 0x6a, 0xaf, 0xb9, 0x58, 0x7c, 0x70,
  0x7b, 0x9a, 0x72, 0x85, 0xa7, 0x87, 0x37, 0x45, 0x5c, 0x01, 0x02, 0x3e,
  0x00, 0x00, 0x3d, 0x00, 0x00, 0x3d, 0x00, 0x00, 0x3d, 0x00, 0x00, 0x3c,
  0x00, 0x00, 0x3b, 0x00, 0x00, 0x3b, 0x00, 0x00, 0x3d, 0x00, 0x00, 0x3d,
  0x00, 0x00, 0x3e, 0x00, 0x00, 0x40, 0x00, 0x00, 0x45, 0x00, 0x00, 0x4b,
  0x02, 0x00, 0x57, 0x05, 0x04, 0x67, 0x09, 0x09, 0x76, 0x0c, 0x0d, 0x83,
  0x0f, 0x10, 0x8e, 0x12, 0x13, 0x97, 0x1e, 0x1e, 0xa3, 0x3a, 0x3e, 0xaa,
  0x4a, 0x55, 0x99, 0x4b, 0x63, 0x93, 0x57, 0x82, 0xb3, 0x66, 0x9e, 0xd7,
  0x64, 0x99, 0xd1, 0x49, 0x6b, 0x91, 0x34, 0x4d, 0x5f, 0x49, 0x76, 0x83,
  0x6d, 0xb9, 0xca, 0x7f, 0xdd, 0xf1, 0x83, 0xe3, 0xf8, 0x83, 0xe3, 0xf9,
  0x84, 0xe4, 0xf9, 0x84, 0xe4, 0xf9, 0x84, 0xe4, 0xf9, 0x84, 0xe4, 0xf9,
  0x84, 0xe4, 0xf9, 0x84, 0xe4, 0xf9, 0x84, 0xe4, 0xf9, 0x84, 0xe4, 0xf9,
  0x84, 0xe4, 0xf8, 0x84, 0xe4, 0xf8, 0x84, 0xe4, 0xf9, 0x84, 0xe4, 0xf9,
  0x84, 0xe4, 0xf9, 0x84, 0xe4, 0xf9, 0x84, 0xe4, 0xf8, 0x84, 0xe4, 0xf8,
  0x84, 0xe4, 0xf9, 0x81, 0xdf, 0xf3, 0x6b, 0xb5, 0xc5, 0x69, 0x85, 0x8b,
  0xbd, 0xbd, 0xbd, 0x00, 0x00, 0x00, 0xff, 0xff, 0xff, 0xff, 0xff, 0xff,
  0xc7, 0xc7, 0xc7, 0x6e, 0x85, 0x8b, 0x65, 0xaa, 0xb9, 0x80, 0xde, 0xf2,
  0x84, 0xe4, 0xf8, 0x84, 0xe4, 0xf8, 0x84, 0xe4, 0xf9, 0x84, 0xe4, 0xf9,
  0x84, 0xe4, 0xf9, 0x84, 0xe4, 0xf9, 0x83, 0xe3, 0xf8, 0x83, 0xe3, 0xf8,
  0x83, 0xe3, 0xf8, 0x84, 0xe4, 0xf9, 0x84, 0xe4, 0xf9, 0x84, 0xe4, 0xf9,
  0x84, 0xe4, 0xf9, 0x84, 0xe4, 0xf8, 0x84, 0xe4, 0xf8, 0x84, 0xe4, 0xf9,
  0x84, 0xe4, 0xf9, 0x84, 0xe4, 0xf9, 0x84, 0xe4, 0xf9, 0x84, 0xe4, 0xf9,
  0x83, 0xe3, 0xf8, 0x83, 0xe3, 0xf8, 0x83, 0xe3, 0xf8, 0x84, 0xe4, 0xf8,
  0x83, 0xe3, 0xf8, 0x83, 0xe3, 0xf8, 0x84, 0xe4, 0xf8, 0x83, 0xe3, 0xf8,
  0x83, 0xe3, 0xf8, 0x84, 0xe2, 0xf7, 0x7b, 0xce, 0xe1, 0x59, 0x8a, 0x91,
  0x49, 0x60, 0x50, 0x6e, 0x89, 0x66, 0x63, 0x7b, 0x71, 0x1f, 0x26, 0x4e,
  0x00, 0x00, 0x3c, 0x00, 0x00, 0x3c, 0x00, 0x00, 0x3d, 0x00, 0x00, 0x3c,
  0x00, 0x00, 0x38, 0x00, 0x00, 0x38, 0x00, 0x00, 0x3c, 0x00, 0x00, 0x3d,
  0x00, 0x00, 0x3e, 0x00, 0x00, 0x41, 0x00, 0x00, 0x44, 0x00, 0x00, 0x4a,
  0x01, 0x00, 0x55, 0x03, 0x03, 0x64, 0x08, 0x09, 0x73, 0x0c, 0x0c, 0x80,
  0x0f, 0x0f, 0x8a, 0x10, 0x11, 0x88, 0x18, 0x1a, 0x79, 0x34, 0x40, 0x7a,
  0x50, 0x6d, 0x8f, 0x5f, 0x8c, 0xb3, 0x6b, 0xa3, 0xd9, 0x63, 0x97, 0xcc,
  0x43, 0x64, 0x86, 0x33, 0x4a, 0x5b, 0x4a, 0x76, 0x83, 0x6c, 0xb8, 0xc9,
  0x7e, 0xdb, 0xef, 0x83, 0xe3, 0xf8, 0x84, 0xe4, 0xf9, 0x84, 0xe4, 0xf9,
  0x84, 0xe4, 0xf9, 0x84, 0xe4, 0xf9, 0x84, 0xe4, 0xf9, 0x84, 0xe4, 0xf9,
  0x84, 0xe4, 0xf9, 0x84, 0xe4, 0xf9, 0x84, 0xe4, 0xf9, 0x84, 0xe4, 0xf9,
  0x84, 0xe4, 0xf8, 0x84, 0xe4, 0xf8, 0x84, 0xe4, 0xf9, 0x84, 0xe4, 0xf9,
  0x84, 0xe4, 0xf9, 0x84, 0xe4, 0xf9, 0x84, 0xe4, 0xf8, 0x84, 0xe4, 0xf8,
  0x84, 0xe4, 0xf9, 0x81, 0xdf, 0xf3, 0x6b, 0xb5, 0xc5, 0x69, 0x85, 0x8b,
  0xbd, 0xbd, 0xbd, 0x00, 0x00, 0x00, 0xff, 0xff, 0xff, 0xff, 0xff, 0xff,
  0xc7, 0xc7, 0xc7, 0x6e, 0x86, 0x8b, 0x65, 0xaa, 0xb9, 0x80, 0xde, 0xf2,
  0x84, 0xe4, 0xf8, 0x84, 0xe4, 0xf8, 0x84, 0xe4, 0xf9, 0x83, 0xe3, 0xf9,
  0x83, 0xe3, 0xf9, 0x84, 0xe4, 0xf9, 0x83, 0xe3, 0xf8, 0x83, 0xe3, 0xf8,
  0x84, 0xe4, 0xf9, 0x84, 0xe4, 0xf9, 0x84, 0xe4, 0xf9, 0x84, 0xe4, 0xf9,
  0x84, 0xe4, 0xf9, 0x84, 0xe4, 0xf9, 0x84, 0xe4, 0xf9, 0x84, 0xe4, 0xf9,
  0x84, 0xe4, 0xf9, 0x84, 0xe4, 0xf9, 0x84, 0xe4, 0xf9, 0x84, 0xe4, 0xf9,
  0x84, 0xe4, 0xf9, 0x84, 0xe4, 0xf9, 0x84, 0xe4, 0xf9, 0x84, 0xe4, 0xf8,
  0x84, 0xe4, 0xf8, 0x84, 0xe4, 0xf8, 0x84, 0xe4, 0xf8, 0x84, 0xe4, 0xf8,
  0x84, 0xe4, 0xf9, 0x84, 0xe3, 0xf9, 0x7f, 0xd8, 0xec, 0x60, 0x9b, 0xa9,
  0x2e, 0x41, 0x42, 0x28, 0x31, 0x27, 0x32, 0x3d, 0x3a, 0x14, 0x19, 0x2d,
  0x00, 0x00, 0x28, 0x00, 0x00, 0x32, 0x00, 0x00, 0x38, 0x01, 0x00, 0x32,
  0x01, 0x00, 0x2f, 0x00, 0x00, 0x39, 0x00, 0x00, 0x3d, 0x00, 0x00, 0x3d,
  0x00, 0x00, 0x3e, 0x00, 0x00, 0x40, 0x00, 0x00, 0x42, 0x01, 0x00, 0x47,
  0x01, 0x00, 0x52, 0x03, 0x03, 0x5f, 0x07, 0x07, 0x65, 0x0a, 0x0b, 0x61,
  0x0e, 0x0f, 0x58, 0x14, 0x15, 0x54, 0x1e, 0x24, 0x58, 0x37, 0x4a, 0x72,
  0x56, 0x7e, 0xa7, 0x6a, 0xa0, 0xd4, 0x61, 0x92, 0xc4, 0x40, 0x5e, 0x7e,
  0x34, 0x4f, 0x5e, 0x50, 0x81, 0x8e, 0x70, 0xbc, 0xcd, 0x7f, 0xdb, 0xef,
  0x83, 0xe2, 0xf8, 0x83, 0xe3, 0xf9, 0x84, 0xe4, 0xf9, 0x84, 0xe4, 0xf9,
  0x84, 0xe4, 0xf9, 0x84, 0xe4, 0xf9, 0x84, 0xe4, 0xf9, 0x84, 0xe4, 0xf9,
  0x84, 0xe4, 0xf9, 0x84, 0xe4, 0xf9, 0x84, 0xe4, 0xf9, 0x84, 0xe4, 0xf9,
  0x84, 0xe4, 0xf9, 0x84, 0xe4, 0xf9, 0x84, 0xe4, 0xf9, 0x84, 0xe4, 0xf9,
  0x83, 0xe3, 0xf9, 0x83, 0xe3, 0xf9, 0x84, 0xe4, 0xf9, 0x84, 0xe4, 0xf9,
  0x84, 0xe4, 0xf9, 0x81, 0xdf, 0xf3, 0x6b, 0xb5, 0xc5, 0x69, 0x85, 0x8b,
  0xbd, 0xbd, 0xbd, 0x00, 0x00, 0x00, 0xff, 0xff, 0xff, 0xff, 0xff, 0xff,
  0xc7, 0xc7, 0xc7, 0x6e, 0x86, 0x8b, 0x65, 0xaa, 0xb9, 0x80, 0xde, 0xf2,
  0x84, 0xe4, 0xf9, 0x84, 0xe4, 0xf9, 0x84, 0xe4, 0xf9, 0x83, 0xe3, 0xf9,
  0x83, 0xe3, 0xf9, 0x84, 0xe4, 0xf8, 0x84, 0xe4, 0xf8, 0x84, 0xe4, 0xf9,
  0x84, 0xe4, 0xf9, 0x84, 0xe4, 0xf9, 0x84, 0xe4, 0xf9, 0x84, 0xe4, 0xf9,
  0x84, 0xe4, 0xf9, 0x84, 0xe4, 0xf9, 0x83, 0xe3, 0xf9, 0x83, 0xe3, 0xf9,
  0x84, 0xe4, 0xf9, 0x84, 0xe4, 0xf8, 0x83, 0xe3, 0xf8, 0x83, 0xe3, 0xf8,
  0x84, 0xe4, 0xf9, 0x84, 0xe4, 0xf9, 0x84, 0xe4, 0xf9, 0x84, 0xe4, 0xf9,
  0x84, 0xe4, 0xf9, 0x84, 0xe4, 0xf9, 0x84, 0xe4, 0xf9, 0x84, 0xe4, 0xf9,
  0x84, 0xe4, 0xf9, 0x84, 0xe4, 0xf9, 0x82, 0xdf, 0xf4, 0x72, 0xc0, 0xd1,
  0x44, 0x6e, 0x78, 0x18, 0x23, 0x29, 0x10, 0x14, 0x20, 0x0c, 0x0e, 0x1e,
  0x03, 0x03, 0x13, 0x03, 0x04, 0x1d, 0x03, 0x03, 0x1f, 0x01, 0x00, 0x15,
  0x01, 0x00, 0x1b, 0x00, 0x00, 0x2a, 0x00, 0x00, 0x31, 0x00, 0x00, 0x34,
  0x00, 0x00, 0x35, 0x00, 0x00, 0x33, 0x00, 0x00, 0x32, 0x01, 0x00, 0x34,
  0x01, 0x00, 0x37, 0x02, 0x01, 0x33, 0x04, 0x04, 0x2c, 0x0c, 0x0e, 0x31,
  0x16, 0x1b, 0x3a, 0x26, 0x32, 0x52, 0x3f, 0x5c, 0x86, 0x56, 0x82, 0xb6,
  0x65, 0x98, 0xd1, 0x5a, 0x87, 0xb8, 0x3c, 0x58, 0x76, 0x3b, 0x59, 0x68,
  0x5a, 0x92, 0x9f, 0x76, 0xc6, 0xd7, 0x81, 0xdd, 0xf1, 0x83, 0xe3, 0xf8,
  0x83, 0xe3, 0xf9, 0x83, 0xe3, 0xf9, 0x84, 0xe4, 0xf9, 0x84, 0xe4, 0xf9,
  0x84, 0xe4, 0xf9, 0x84, 0xe4, 0xf9, 0x84, 0xe4, 0xf9, 0x84, 0xe4, 0xf9,
  0x84, 0xe4, 0xf9, 0x84, 0xe4, 0xf9, 0x84, 0xe4, 0xf9, 0x84, 0xe4, 0xf9,
  0x84, 0xe4, 0xf8, 0x84, 0xe4, 0xf8, 0x84, 0xe4, 0xf9, 0x84, 0xe4, 0xf9,
  0x83, 0xe3, 0xf8, 0x83, 0xe3, 0xf8, 0x84, 0xe4, 0xf9, 0x84, 0xe4, 0xf9,
  0x84, 0xe4, 0xf9, 0x81, 0xdf, 0xf4, 0x6b, 0xb5, 0xc5, 0x69, 0x85, 0x8b,
  0xbd, 0xbd, 0xbd, 0x00, 0x00, 0x00, 0xff, 0xff, 0xff, 0xff, 0xff, 0xff,
  0xc7, 0xc7, 0xc7, 0x6e, 0x85, 0x8a, 0x65, 0xaa, 0xb8, 0x80, 0xde, 0xf2,
  0x84, 0xe4, 0xf8, 0x84, 0xe4, 0xf8, 0x84, 0xe4, 0xf9, 0x84, 0xe4, 0xf9,
  0x84, 0xe4, 0xf9, 0x84, 0xe4, 0xf8, 0x84, 0xe4, 0xf8, 0x84, 0xe4, 0xf9,
  0x84, 0xe4, 0xf9, 0x84, 0xe4, 0xf9, 0x84, 0xe4, 0xf9, 0x84, 0xe4, 0xf9,
  0x84, 0xe4, 0xf9, 0x84, 0xe4, 0xf9, 0x83, 0xe3, 0xf9, 0x83, 0xe3, 0xf9,
  0x84, 0xe4, 0xf9, 0x84, 0xe4, 0xf8, 0x83, 0xe3, 0xf8, 0x83, 0xe3, 0xf8,
  0x84, 0xe4, 0xf9, 0x84, 0xe4, 0xf9, 0x84, 0xe4, 0xf9, 0x84, 0xe4, 0xf9,
  0x84, 0xe4, 0xf9, 0x84, 0xe4, 0xf9, 0x83, 0xe3, 0xf8, 0x83, 0xe3, 0xf8,
  0x83, 0xe3, 0xf8, 0x83, 0xe3, 0xf8, 0x83, 0xe3, 0xf8, 0x7f, 0xdb, 0xef,
  0x6c, 0xb7, 0xc8, 0x46, 0x72, 0x7e, 0x1e, 0x2c, 0x3b, 0x0b, 0x0d, 0x1e,
  0x0b, 0x0e, 0x22, 0x10, 0x13, 0x32, 0x0c, 0x0f, 0x29, 0x0b, 0x0d, 0x23,
  0x0e, 0x12, 0x33, 0x0d, 0x10, 0x35, 0x0b, 0x0d, 0x33, 0x0a, 0x0b, 0x33,
  0x09, 0x0a, 0x31, 0x07, 0x09, 0x2b, 0x06, 0x07, 0x25, 0x04, 0x05, 0x1f,
  0x05, 0x05, 0x1d, 0x09, 0x0c, 0x24, 0x1b, 0x29, 0x42, 0x38, 0x54, 0x76,
  0x49, 0x6f, 0x99, 0x53, 0x7f, 0xae, 0x60, 0x95, 0xcc, 0x63, 0x9a, 0xd2,
  0x4e, 0x77, 0xa3, 0x36, 0x51, 0x6b, 0x3e, 0x61, 0x70, 0x60, 0x9e, 0xad,
  0x7b, 0xcf, 0xe1, 0x83, 0xe0, 0xf4, 0x83, 0xe2, 0xf7, 0x83, 0xe3, 0xf8,
  0x84, 0xe4, 0xf9, 0x84, 0xe4, 0xf9, 0x84, 0xe4, 0xf9, 0x84, 0xe4, 0xf8,
  0x83, 0xe3, 0xf8, 0x83, 0xe3, 0xf8, 0x83, 0xe3, 0xf9, 0x83, 0xe3, 0xf9,
  0x83, 0xe3, 0xf9, 0x84, 0xe4, 0xf9, 0x84, 0xe4, 0xf9, 0x84, 0xe4, 0xf9,
  0x84, 0xe4, 0xf8, 0x83, 0xe3, 0xf8, 0x83, 0xe3, 0xf8, 0x84, 0xe4, 0xf9,
  0x84, 0xe4, 0xf8, 0x84, 0xe4, 0xf8, 0x84, 0xe4, 0xf9, 0x84, 0xe4, 0xf9,
  0x84, 0xe4, 0xf9, 0x81, 0xdf, 0xf4, 0x6b, 0xb5, 0xc5, 0x69, 0x85, 0x8b,
  0xbd, 0xbd, 0xbd, 0x00, 0x00, 0x00, 0xff, 0xff, 0xff, 0xff, 0xff, 0xff,
  0xc7, 0xc7, 0xc7, 0x6e, 0x85, 0x8a, 0x65, 0xaa, 0xb9, 0x80, 0xde, 0xf2,
  0x84, 0xe4, 0xf8, 0x84, 0xe4, 0xf8, 0x84, 0xe4, 0xf9, 0x84, 0xe4, 0xf9,
  0x84, 0xe4, 0xf9, 0x84, 0xe4, 0xf9, 0x84, 0xe4, 0xf9, 0x84, 0xe4, 0xf9,
  0x84, 0xe4, 0xf9, 0x84, 0xe4, 0xf9, 0x84, 0xe4, 0xf9, 0x84, 0xe4, 0xf9,
  0x84, 0xe4, 0xf9, 0x84, 0xe4, 0xf9, 0x84, 0xe4, 0xf9, 0x84, 0xe4, 0xf9,
  0x84, 0xe4, 0xf9, 0x84, 0xe4, 0xf9, 0x84, 0xe4, 0xf9, 0x84, 0xe4, 0xf9,
  0x84, 0xe4, 0xf9, 0x84, 0xe4, 0xf9, 0x84, 0xe4, 0xf9, 0x84, 0xe4, 0xf9,
  0x84, 0xe4, 0xf9, 0x84, 0xe4, 0xf9, 0x83, 0xe3, 0xf8, 0x83, 0xe3, 0xf8,
  0x83, 0xe3, 0xf8, 0x83, 0xe3, 0xf8, 0x83, 0xe4, 0xf9, 0x83, 0xe3, 0xf8,
  0x7e, 0xda, 0xed, 0x6c, 0xb0, 0xbe, 0x3b, 0x56, 0x64, 0x2a, 0x3c, 0x4c,
  0x26, 0x38, 0x49, 0x10, 0x14, 0x2a, 0x0e, 0x11, 0x28, 0x11, 0x16, 0x35,
  0x17, 0x1d, 0x49, 0x17, 0x1d, 0x4b, 0x15, 0x1b, 0x48, 0x14, 0x1a, 0x48,
  0x13, 0x19, 0x46, 0x13, 0x18, 0x42, 0x12, 0x17, 0x3f, 0x0f, 0x16, 0x3b,
  0x15, 0x1d, 0x42, 0x2f, 0x44, 0x6d, 0x4e, 0x76, 0xa5, 0x60, 0x96, 0xcb,
  0x69, 0xa4, 0xe0, 0x68, 0xa1, 0xdc, 0x58, 0x86, 0xb7, 0x3d, 0x5d, 0x7d,
  0x32, 0x4e, 0x61, 0x45, 0x70, 0x7d, 0x65, 0xaa, 0xb8, 0x7c, 0xd3, 0xe6,
  0x83, 0xe2, 0xf6, 0x84, 0xe3, 0xf8, 0x83, 0xe3, 0xf8, 0x83, 0xe3, 0xf8,
  0x84, 0xe4, 0xf9, 0x84, 0xe4, 0xf9, 0x84, 0xe4, 0xf9, 0x84, 0xe4, 0xf8,
  0x83, 0xe3, 0xf8, 0x83, 0xe3, 0xf8, 0x83, 0xe3, 0xf9, 0x83, 0xe3, 0xf9,
  0x83, 0xe3, 0xf9, 0x84, 0xe4, 0xf9, 0x84, 0xe4, 0xf9, 0x84, 0xe4, 0xf9,
  0x84, 0xe4, 0xf9, 0x83, 0xe3, 0xf8, 0x83, 0xe3, 0xf8, 0x84, 0xe4, 0xf9,
  0x84, 0xe4, 0xf9, 0x84, 0xe4, 0xf9, 0x84, 0xe4, 0xf9, 0x84, 0xe4, 0xf9,
  0x84, 0xe4, 0xf9, 0x81, 0xdf, 0xf4, 0x6b, 0xb5, 0xc5, 0x69, 0x85, 0x8b,
  0xbd, 0xbd, 0xbd, 0x00, 0x00, 0x00, 0xff, 0xff, 0xff, 0xff, 0xff, 0xff,
  0xc7, 0xc7, 0xc7, 0x6e, 0x86, 0x8b, 0x65, 0xaa, 0xb9, 0x80, 0xde, 0xf2,
  0x84, 0xe4, 0xf9, 0x84, 0xe4, 0xf9, 0x84, 0xe4, 0xf9, 0x84, 0xe4, 0xf8,
  0x84, 0xe4, 0xf8, 0x84, 0xe4, 0xf9, 0x84, 0xe4, 0xf9, 0x84, 0xe4, 0xf9,
  0x84, 0xe4, 0xf9, 0x84, 0xe4, 0xf9, 0x84, 0xe4, 0xf9, 0x84, 0xe4, 0xf9,
  0x84, 0xe4, 0xf9, 0x84, 0xe4, 0xf9, 0x84, 0xe4, 0xf9, 0x84, 0xe4, 0xf9,
  0x84, 0xe4, 0xf9, 0x84, 0xe4, 0xf9, 0x84, 0xe4, 0xf9, 0x84, 0xe4, 0xf9,
  0x84, 0xe4, 0xf9, 0x84, 0xe4, 0xf9, 0x84, 0xe4, 0xf9, 0x84, 0xe4, 0xf9,
  0x84, 0xe4, 0xf9, 0x84, 0xe4, 0xf9, 0x84, 0xe4, 0xf9, 0x84, 0xe4, 0xf9,
  0x84, 0xe4, 0xf9, 0x84, 0xe4, 0xf9, 0x84, 0xe4, 0xf9, 0x83, 0xe4, 0xf9,
  0x81, 0xdf, 0xf3, 0x74, 0xbd, 0xcd, 0x52, 0x7c, 0x89, 0x55, 0x87, 0x98,
  0x5e, 0x99, 0xa9, 0x37, 0x59, 0x65, 0x18, 0x24, 0x2f, 0x0b, 0x0f, 0x1f,
  0x0e, 0x10, 0x2a, 0x13, 0x16, 0x39, 0x15, 0x1b, 0x47, 0x17, 0x1f, 0x50,
  0x18, 0x20, 0x53, 0x17, 0x20, 0x54, 0x1c, 0x27, 0x5a, 0x29, 0x3e, 0x71,
  0x3f, 0x60, 0x96, 0x5a, 0x88, 0xc3, 0x6b, 0xa3, 0xe1, 0x6c, 0xa6, 0xe2,
  0x60, 0x92, 0xc7, 0x47, 0x69, 0x8f, 0x32, 0x4b, 0x61, 0x3b, 0x5b, 0x69,
  0x55, 0x8b, 0x99, 0x6f, 0xba, 0xca, 0x7e, 0xd8, 0xeb, 0x83, 0xe2, 0xf7,
  0x84, 0xe4, 0xf9, 0x84, 0xe4, 0xf9, 0x84, 0xe4, 0xf9, 0x84, 0xe4, 0xf9,
  0x84, 0xe4, 0xf9, 0x84, 0xe4, 0xf9, 0x84, 0xe4, 0xf9, 0x84, 0xe4, 0xf9,
  0x84, 0xe4, 0xf9, 0x84, 0xe4, 0xf9, 0x84, 0xe4, 0xf9, 0x84, 0xe4, 0xf9,
  0x84, 0xe4, 0xf9, 0x84, 0xe4, 0xf9, 0x84, 0xe4, 0xf9, 0x84, 0xe4, 0xf9,
  0x84, 0xe4, 0xf9, 0x84, 0xe4, 0xf9, 0x84, 0xe4, 0xf9, 0x84, 0xe4, 0xf9,
  0x84, 0xe4, 0xf9, 0x84, 0xe4, 0xf9, 0x84, 0xe4, 0xf9, 0x84, 0xe4, 0xf9,
  0x84, 0xe4, 0xf9, 0x81, 0xdf, 0xf4, 0x6b, 0xb5, 0xc5, 0x69, 0x85, 0x8b,
  0xbd, 0xbd, 0xbd, 0x00, 0x00, 0x00, 0xff, 0xff, 0xff, 0xff, 0xff, 0xff,
  0xc7, 0xc7, 0xc7, 0x6e, 0x86, 0x8b, 0x65, 0xaa, 0xb9, 0x80, 0xde, 0xf2,
  0x84, 0xe4, 0xf9, 0x84, 0xe4, 0xf9, 0x84, 0xe4, 0xf9, 0x84, 0xe4, 0xf8,
  0x84, 0xe4, 0xf8, 0x84, 0xe4, 0xf9, 0x84, 0xe4, 0xf9, 0x84, 0xe4, 0xf9,
  0x84, 0xe4, 0xf9, 0x83, 0xe3, 0xf9, 0x83, 0xe3, 0xf9, 0x84, 0xe4, 0xf9,
  0x84, 0xe4, 0xf9, 0x84, 0xe4, 0xf9, 0x84, 0xe4, 0xf9, 0x84, 0xe4, 0xf9,
  0x84, 0xe4, 0xf9, 0x84, 0xe4, 0xf9, 0x84, 0xe4, 0xf9, 0x84, 0xe4, 0xf9,
  0x84, 0xe4, 0xf9, 0x84, 0xe4, 0xf9, 0x83, 0xe3, 0xf9, 0x83, 0xe3, 0xf9,
  0x84, 0xe4, 0xf9, 0x84, 0xe4, 0xf9, 0x84, 0xe4, 0xf9, 0x84, 0xe4, 0xf9,
  0x84, 0xe4, 0xf9, 0x84, 0xe4, 0xf9, 0x84, 0xe4, 0xf9, 0x83, 0xe3, 0xf8,
  0x83, 0xe0, 0xf5, 0x80, 0xcd, 0xde, 0x71, 0xb2, 0xc0, 0x74, 0xc2, 0xd4,
  0x7e, 0xd6, 0xea, 0x6b, 0xb6, 0xc6, 0x53, 0x8c, 0x99, 0x40, 0x69, 0x74,
  0x2c, 0x46, 0x52, 0x1b, 0x28, 0x37, 0x0f, 0x14, 0x29, 0x0c, 0x11, 0x2a,
  0x19, 0x21, 0x43, 0x2f, 0x42, 0x6e, 0x42, 0x63, 0x95, 0x52, 0x7f, 0xb6,
  0x64, 0x99, 0xd4, 0x6c, 0xa1, 0xdc, 0x60, 0x8b, 0xbd, 0x47, 0x68, 0x8b,
  0x35, 0x4b, 0x64, 0x33, 0x4c, 0x5a, 0x46, 0x70, 0x7c, 0x63, 0xa6, 0xb5,
  0x79, 0xcd, 0xe0, 0x81, 0xde, 0xf2, 0x83, 0xe3, 0xf7, 0x84, 0xe4, 0xf9,
  0x84, 0xe4, 0xf9, 0x84, 0xe4, 0xf9, 0x84, 0xe4, 0xf9, 0x84, 0xe4, 0xf9,
  0x84, 0xe4, 0xf9, 0x84, 0xe4, 0xf9, 0x84, 0xe4, 0xf9, 0x84, 0xe4, 0xf9,
  0x84, 0xe4, 0xf9, 0x84, 0xe4, 0xf9, 0x84, 0xe4, 0xf9, 0x84, 0xe4, 0xf9,
  0x84, 0xe4, 0xf9, 0x84, 0xe4, 0xf9, 0x84, 0xe4, 0xf9, 0x84, 0xe4, 0xf9,
  0x84, 0xe4, 0xf9, 0x84, 0xe4, 0xf9, 0x84, 0xe4, 0xf9, 0x83, 0xe3, 0xf8,
  0x83, 0xe3, 0xf8, 0x84, 0xe4, 0xf9, 0x84, 0xe4, 0xf9, 0x84, 0xe4, 0xf9,
  0x84, 0xe4, 0xf9, 0x81, 0xdf, 0xf4, 0x6b, 0xb5, 0xc5, 0x69, 0x85, 0x8b,
  0xbd, 0xbd, 0xbd, 0x00, 0x00, 0x00, 0xff, 0xff, 0xff, 0xff, 0xff, 0xff,
  0xc7, 0xc7, 0xc7, 0x6e, 0x86, 0x8b, 0x65, 0xaa, 0xb9, 0x80, 0xde, 0xf2,
  0x84, 0xe4, 0xf9, 0x84, 0xe4, 0xf9, 0x84, 0xe4, 0xf9, 0x84, 0xe4, 0xf9,
  0x84, 0xe4, 0xf9, 0x84, 0xe4, 0xf9, 0x84, 0xe4, 0xf9, 0x84, 0xe4, 0xf9,
  0x84, 0xe4, 0xf9, 0x83, 0xe3, 0xf9, 0x83, 0xe3, 0xf9, 0x83, 0xe3, 0xf9,
  0x83, 0xe3, 0xf9, 0x83, 0xe3, 0xf9, 0x84, 0xe4, 0xf9, 0x84, 0xe4, 0xf9,
  0x84, 0xe4, 0xf9, 0x84, 0xe4, 0xf9, 0x83, 0xe3, 0xf9, 0x83, 0xe3, 0xf9,
  0x84, 0xe4, 0xf9, 0x84, 0xe4, 0xf9, 0x83, 0xe3, 0xf9, 0x83, 0xe3, 0xf9,
  0x84, 0xe4, 0xf9, 0x83, 0xe3, 0xf9, 0x83, 0xe3, 0xf9, 0x84, 0xe4, 0xf9,
  0x84, 0xe4, 0xf9, 0x84, 0xe4, 0xf9, 0x84, 0xe4, 0xf9, 0x83, 0xe3, 0xf8,
  0x83, 0xe2, 0xf7, 0x85, 0xdd, 0xf0, 0x81, 0xd7, 0xe8, 0x80, 0xdb, 0xf0,
  0x83, 0xe2, 0xf8, 0x80, 0xdd, 0xf2, 0x7c, 0xd5, 0xe8, 0x73, 0xc4, 0xd6,
  0x64, 0xa9, 0xb9, 0x54, 0x8e, 0x9c, 0x44, 0x6f, 0x7b, 0x2f, 0x4b, 0x56,
  0x27, 0x3c, 0x4a, 0x31, 0x47, 0x5d, 0x37, 0x51, 0x6c, 0x3a, 0x5a, 0x77,
  0x40, 0x63, 0x84, 0x40, 0x5f, 0x7f, 0x3a, 0x53, 0x6a, 0x39, 0x53, 0x62,
  0x44, 0x6c, 0x79, 0x59, 0x95, 0xa3, 0x6f, 0xbd, 0xce, 0x7d, 0xd8, 0xeb,
  0x83, 0xe2, 0xf6, 0x84, 0xe3, 0xf8, 0x84, 0xe4, 0xf9, 0x84, 0xe4, 0xf9,
  0x84, 0xe4, 0xf9, 0x84, 0xe4, 0xf9, 0x84, 0xe4, 0xf9, 0x84, 0xe4, 0xf9,
  0x83, 0xe3, 0xf8, 0x83, 0xe3, 0xf8, 0x84, 0xe4, 0xf9, 0x84, 0xe4, 0xf9,
  0x84, 0xe4, 0xf9, 0x84, 0xe4, 0xf9, 0x84, 0xe4, 0xf9, 0x84, 0xe4, 0xf9,
  0x84, 0xe4, 0xf9, 0x84, 0xe4, 0xf9, 0x84, 0xe4, 0xf9, 0x84, 0xe4, 0xf9,
  0x83, 0xe3, 0xf9, 0x83, 0xe3, 0xf9, 0x84, 0xe4, 0xf9, 0x83, 0xe3, 0xf8,
  0x83, 0xe3, 0xf8, 0x84, 0xe4, 0xf9, 0x84, 0xe4, 0xf9, 0x84, 0xe4, 0xf9,
  0x84, 0xe4, 0xf9, 0x81, 0xdf, 0xf4, 0x6b, 0xb5, 0xc5, 0x69, 0x85, 0x8b,
  0xbd, 0xbd, 0xbd, 0x00, 0x00, 0x00, 0xff, 0xff, 0xff, 0xff, 0xff, 0xff,
  0xc7, 0xc7, 0xc7, 0x6e, 0x86, 0x8b, 0x65, 0xaa, 0xb9, 0x80, 0xde, 0xf2,
  0x84, 0xe4, 0xf8, 0x84, 0xe4, 0xf9, 0x83, 0xe3, 0xf8, 0x83, 0xe3, 0xf8,
  0x84, 0xe4, 0xf9, 0x84, 0xe4, 0xf9, 0x84, 0xe4, 0xf9, 0x84, 0xe4, 0xf9,
  0x84, 0xe4, 0xf9, 0x84, 0xe4, 0xf9, 0x83, 0xe3, 0xf9, 0x83, 0xe3, 0xf9,
  0x83, 0xe3, 0xf9, 0x83, 0xe3, 0xf9, 0x83, 0xe3, 0xf9, 0x84, 0xe4, 0xf9,
  0x84, 0xe4, 0xf9, 0x84, 0xe4, 0xf9, 0x83, 0xe3, 0xf9, 0x83, 0xe3, 0xf8,
  0x83, 0xe3, 0xf8, 0x83, 0xe3, 0xf9, 0x84, 0xe4, 0xf9, 0x83, 0xe3, 0xf9,
  0x83, 0xe3, 0xf9, 0x83, 0xe3, 0xf8, 0x83, 0xe3, 0xf8, 0x83, 0xe3, 0xf9,
  0x84, 0xe4, 0xf9, 0x84, 0xe4, 0xf9, 0x84, 0xe4, 0xf9, 0x83, 0xe3, 0xf9,
  0x83, 0xe3, 0xf8, 0x83, 0xe3, 0xf7, 0x83, 0xe2, 0xf6, 0x83, 0xe2, 0xf7,
  0x84, 0xe3, 0xf9, 0x84, 0xe3, 0xf9, 0x84, 0xe3, 0xf8, 0x82, 0xe1, 0xf5,
  0x7f, 0xdb, 0xef, 0x7c, 0xd6, 0xe8, 0x76, 0xc7, 0xd9, 0x67, 0xac, 0xbd,
  0x59, 0x97, 0xa6, 0x56, 0x8f, 0x9e, 0x52, 0x89, 0x98, 0x51, 0x87, 0x97,
  0x54, 0x89, 0x9b, 0x53, 0x88, 0x99, 0x54, 0x8c, 0x9b, 0x5f, 0x9f, 0xae,
  0x6f, 0xbc, 0xcd, 0x7b, 0xd4, 0xe7, 0x81, 0xde, 0xf3, 0x83, 0xe3, 0xf8,
  0x84, 0xe4, 0xf9, 0x84, 0xe4, 0xf9, 0x84, 0xe4, 0xf9, 0x84, 0xe4, 0xf9,
  0x84, 0xe4, 0xf9, 0x84, 0xe4, 0xf9, 0x84, 0xe4, 0xf9, 0x84, 0xe4, 0xf9,
  0x83, 0xe3, 0xf8, 0x83, 0xe3, 0xf8, 0x84, 0xe4, 0xf9, 0x84, 0xe4, 0xf9,
  0x84, 0xe4, 0xf9, 0x84, 0xe4, 0xf9, 0x84, 0xe4, 0xf9, 0x84, 0xe4, 0xf9,
  0x83, 0xe3, 0xf9, 0x83, 0xe3, 0xf9, 0x84, 0xe4, 0xf9, 0x84, 0xe4, 0xf9,
  0x83, 0xe3, 0xf9, 0x83, 0xe3, 0xf9, 0x84, 0xe4, 0xf9, 0x84, 0xe4, 0xf9,
  0x84, 0xe4, 0xf9, 0x83, 0xe3, 0xf8, 0x83, 0xe3, 0xf8, 0x84, 0xe4, 0xf9,
  0x84, 0xe4, 0xf9, 0x81, 0xdf, 0xf3, 0x6b, 0xb5, 0xc5, 0x69, 0x85, 0x8b,
  0xbd, 0xbd, 0xbd, 0x00, 0x00, 0x00, 0xff, 0xff, 0xff, 0xff, 0xff, 0xff,
  0xc7, 0xc7, 0xc7, 0x6e, 0x86, 0x8b, 0x65, 0xaa, 0xb9, 0x80, 0xde, 0xf2,
  0x84, 0xe4, 0xf8, 0x84, 0xe4, 0xf9, 0x83, 0xe3, 0xf8, 0x83, 0xe3, 0xf8,
  0x84, 0xe4, 0xf9, 0x84, 0xe4, 0xf9, 0x84, 0xe4, 0xf9, 0x84, 0xe4, 0xf9,
  0x84, 0xe4, 0xf9, 0x84, 0xe4, 0xf9, 0x83, 0xe3, 0xf9, 0x83, 0xe3, 0xf9,
  0x84, 0xe4, 0xf9, 0x83, 0xe3, 0xf9, 0x83, 0xe3, 0xf9, 0x84, 0xe4, 0xf9,
  0x84, 0xe4, 0xf9, 0x84, 0xe4, 0xf9, 0x84, 0xe4, 0xf9, 0x83, 0xe3, 0xf8,
  0x83, 0xe3, 0xf8, 0x83, 0xe3, 0xf9, 0x84, 0xe4, 0xf9, 0x83, 0xe3, 0xf9,
  0x83, 0xe3, 0xf9, 0x83, 0xe3, 0xf8, 0x83, 0xe3, 0xf8, 0x83, 0xe3, 0xf9,
  0x84, 0xe4, 0xf9, 0x84, 0xe4, 0xf9, 0x84, 0xe4, 0xf9, 0x84, 0xe4, 0xf9,
  0x83, 0xe4, 0xf8, 0x83, 0xe4, 0xf8, 0x83, 0xe3, 0xf8, 0x84, 0xe3, 0xf8,
  0x84, 0xe4, 0xf9, 0x84, 0xe4, 0xf9, 0x84, 0xe4, 0xf9, 0x84, 0xe4, 0xf9,
  0x84, 0xe4, 0xf8, 0x84, 0xe3, 0xf8, 0x83, 0xe1, 0xf6, 0x80, 0xdc, 0xf1,
  0x7d, 0xd7, 0xeb, 0x7b, 0xd5, 0xe8, 0x7a, 0xd2, 0xe5, 0x7a, 0xd1, 0xe4,
  0x7b, 0xd1, 0xe5, 0x7c, 0xd1, 0xe5, 0x7b, 0xd4, 0xe6, 0x7d, 0xd9, 0xec,
  0x81, 0xdf, 0xf3, 0x83, 0xe3, 0xf8, 0x84, 0xe3, 0xf9, 0x84, 0xe4, 0xf9,
  0x84, 0xe4, 0xf9, 0x84, 0xe4, 0xf9, 0x84, 0xe4, 0xf9, 0x84, 0xe4, 0xf9,
  0x84, 0xe4, 0xf9, 0x84, 0xe4, 0xf9, 0x84, 0xe4, 0xf9, 0x84, 0xe4, 0xf9,
  0x84, 0xe4, 0xf9, 0x84, 0xe4, 0xf9, 0x84, 0xe4, 0xf9, 0x84, 0xe4, 0xf9,
  0x84, 0xe4, 0xf9, 0x84, 0xe4, 0xf9, 0x84, 0xe4, 0xf9, 0x84, 0xe4, 0xf9,
  0x83, 0xe3, 0xf9, 0x83, 0xe3, 0xf9, 0x84, 0xe4, 0xf9, 0x84, 0xe4, 0xf9,
  0x84, 0xe4, 0xf9, 0x84, 0xe4, 0xf9, 0x84, 0xe4, 0xf9, 0x84, 0xe4, 0xf9,
  0x84, 0xe4, 0xf9, 0x83, 0xe3, 0xf8, 0x83, 0xe3, 0xf8, 0x84, 0xe4, 0xf9,
  0x84, 0xe4, 0xf9, 0x81, 0xdf, 0xf3, 0x6b, 0xb5, 0xc5, 0x69, 0x85, 0x8b,
  0xbd, 0xbd, 0xbd, 0x00, 0x00, 0x00, 0xff, 0xff, 0xff, 0xff, 0xff, 0xff,
  0xc7, 0xc7, 0xc7, 0x65, 0x77, 0x7b, 0x4d, 0x80, 0x8c, 0x5f, 0xa5, 0xb5,
  0x62, 0xaa, 0xba, 0x62, 0xaa, 0xba, 0x62, 0xaa, 0xba, 0x62, 0xaa, 0xba,
  0x62, 0xaa, 0xba, 0x62, 0xaa, 0xba, 0x62, 0xaa, 0xba, 0x62, 0xaa, 0xba,
  0x62, 0xaa, 0xba, 0x62, 0xaa, 0xba, 0x62, 0xaa, 0xba, 0x62, 0xaa, 0xba,
  0x62, 0xaa, 0xba, 0x62, 0xaa, 0xba, 0x62, 0xaa, 0xba, 0x62, 0xaa, 0xba,
  0x62, 0xaa, 0xba, 0x62, 0xaa, 0xba, 0x62, 0xaa, 0xba, 0x62, 0xaa, 0xba,
  0x62, 0xaa, 0xba, 0x62, 0xaa, 0xba, 0x62, 0xaa, 0xba, 0x62, 0xaa, 0xba,
  0x62, 0xaa, 0xba, 0x62, 0xaa, 0xba, 0x62, 0xaa, 0xba, 0x62, 0xaa, 0xba,
  0x62, 0xaa, 0xba, 0x62, 0xaa, 0xba, 0x62, 0xaa, 0xba, 0x62, 0xaa, 0xba,
  0x62, 0xaa, 0xba, 0x62, 0xaa, 0xba, 0x62, 0xaa, 0xba, 0x62, 0xaa, 0xba,
  0x62, 0xaa, 0xba, 0x62, 0xaa, 0xba, 0x62, 0xaa, 0xba, 0x62, 0xaa, 0xba,
  0x62, 0xaa, 0xba, 0x62, 0xaa, 0xba, 0x62, 0xaa, 0xba, 0x62, 0xaa, 0xba,
  0x62, 0xaa, 0xba, 0x62, 0xaa, 0xba, 0x62, 0xaa, 0xb9, 0x61, 0xaa, 0xb9,
  0x62, 0xa9, 0xb9, 0x62, 0xa9, 0xb9, 0x62, 0xa9, 0xb9, 0x62, 0xaa, 0xb9,
  0x62, 0xaa, 0xba, 0x62, 0xaa, 0xba, 0x62, 0xaa, 0xba, 0x62, 0xaa, 0xba,
  0x62, 0xaa, 0xba, 0x62, 0xaa, 0xba, 0x62, 0xaa, 0xba, 0x62, 0xaa, 0xba,
  0x62, 0xaa, 0xba, 0x62, 0xaa, 0xba, 0x62, 0xaa, 0xba, 0x62, 0xaa, 0xba,
  0x62, 0xaa, 0xba, 0x62, 0xaa, 0xba, 0x62, 0xaa, 0xba, 0x62, 0xaa, 0xba,
  0x62, 0xaa, 0xba, 0x62, 0xaa, 0xba, 0x62, 0xaa, 0xba, 0x62, 0xaa, 0xba,
  0x62, 0xaa, 0xba, 0x62, 0xaa, 0xba, 0x62, 0xaa, 0xba, 0x62, 0xaa, 0xba,
  0x62, 0xaa, 0xba, 0x62, 0xaa, 0xba, 0x62, 0xaa, 0xba, 0x62, 0xaa, 0xba,
  0x62, 0xaa, 0xba, 0x62, 0xaa, 0xba, 0x62, 0xaa, 0xb9, 0x62, 0xaa, 0xb9,
  0x62, 0xaa, 0xba, 0x60, 0xa6, 0xb6, 0x51, 0x88, 0x95, 0x5f, 0x74, 0x79,
  0xbd, 0xbd, 0xbd, 0x00, 0x00, 0x00, 0xff, 0xff, 0xff, 0xff, 0xff, 0xff,
  0xd6, 0xd6, 0xd6, 0x89, 0x90, 0x91, 0x68, 0x7d, 0x81, 0x6d, 0x8a, 0x90,
  0x6f, 0x8b, 0x92, 0x6f, 0x8b, 0x92, 0x6f, 0x8b, 0x92, 0x6f, 0x8b, 0x92,
  0x6f, 0x8b, 0x92, 0x6f, 0x8b, 0x92, 0x6f, 0x8b, 0x92, 0x6f, 0x8b, 0x92,
  0x6f, 0x8b, 0x92, 0x6f, 0x8b, 0x92, 0x6f, 0x8b, 0x92, 0x6f, 0x8b, 0x92,
  0x6f, 0x8b, 0x92, 0x6f, 0x8b, 0x92, 0x6f, 0x8b, 0x92, 0x6f, 0x8b, 0x92,
  0x6f, 0x8b, 0x92, 0x6f, 0x8b, 0x92, 0x6f, 0x8b, 0x92, 0x6f, 0x8b, 0x92,
  0x6f, 0x8b, 0x92, 0x6f, 0x8b, 0x92, 0x6f, 0x8b, 0x92, 0x6f, 0x8b, 0x92,
  0x6f, 0x8b, 0x92, 0x6f, 0x8b, 0x92, 0x6f, 0x8b, 0x92, 0x6f, 0x8b, 0x92,
  0x6f, 0x8b, 0x92, 0x6f, 0x8b, 0x92, 0x6f, 0x8b, 0x92, 0x6f, 0x8b, 0x92,
  0x6f, 0x8b, 0x92, 0x6f, 0x8b, 0x92, 0x6f, 0x8b, 0x92, 0x6f, 0x8b, 0x92,
  0x6f, 0x8b, 0x92, 0x6f, 0x8b, 0x92, 0x6f, 0x8b, 0x92, 0x6f, 0x8b, 0x92,
  0x6f, 0x8b, 0x92, 0x6f, 0x8b, 0x92, 0x6f, 0x8b, 0x92, 0x6f, 0x8b, 0x92,
  0x6f, 0x8b, 0x92, 0x6f, 0x8b, 0x92, 0x6f, 0x8b, 0x92, 0x6e, 0x8b, 0x92,
  0x6e, 0x8b, 0x92, 0x6f, 0x8b, 0x92, 0x6f, 0x8b, 0x92, 0x6f, 0x8b, 0x92,
  0x6f, 0x8b, 0x92, 0x6f, 0x8b, 0x92, 0x6f, 0x8b, 0x92, 0x6f, 0x8b, 0x92,
  0x6f, 0x8b, 0x92, 0x6f, 0x8b, 0x92, 0x6f, 0x8b, 0x92, 0x6f, 0x8b, 0x92,
  0x6f, 0x8b, 0x92, 0x6f, 0x8b, 0x92, 0x6f, 0x8b, 0x92, 0x6f, 0x8b, 0x92,
  0x6f, 0x8b, 0x92, 0x6f, 0x8b, 0x92, 0x6f, 0x8b, 0x92, 0x6f, 0x8b, 0x92,
  0x6f, 0x8b, 0x92, 0x6f, 0x8b, 0x92, 0x6f, 0x8b, 0x92, 0x6f, 0x8b, 0x92,
  0x6f, 0x8b, 0x92, 0x6f, 0x8b, 0x92, 0x6f, 0x8b, 0x92, 0x6f, 0x8b, 0x92,
  0x6f, 0x8b, 0x91, 0x6f, 0x8b, 0x91, 0x6f, 0x8b, 0x92, 0x6f, 0x8b, 0x92,
  0x6f, 0x8b, 0x92, 0x6f, 0x8b, 0x92, 0x6f, 0x8b, 0x91, 0x6f, 0x8b, 0x91,
  0x6f, 0x8b, 0x92, 0x6e, 0x8a, 0x90, 0x6a, 0x80, 0x85, 0x83, 0x8b, 0x8d,
  0xcf, 0xcf, 0xcf, 0x00, 0x00, 0x00, 0xff, 0xff, 0xff, 0xff, 0xff, 0xff,
  0xef, 0xef, 0xef, 0xd0, 0xd1, 0xd1, 0xbf, 0xc2, 0xc3, 0xbf, 0xc3, 0xc4,
  0xbf, 0xc4, 0xc5, 0xbf, 0xc4, 0xc5, 0xbf, 0xc4, 0xc5, 0xbf, 0xc4, 0xc5,
  0xbf, 0xc4, 0xc5, 0xbf, 0xc4, 0xc5, 0xbf, 0xc4, 0xc5, 0xbf, 0xc4, 0xc5,
  0xbf, 0xc4, 0xc5, 0xbf, 0xc4, 0xc5, 0xbf, 0xc4, 0xc5, 0xbf, 0xc4, 0xc5,
  0xbf, 0xc4, 0xc5, 0xbf, 0xc4, 0xc5, 0xbf, 0xc4, 0xc5, 0xbf, 0xc4, 0xc5,
  0xbf, 0xc4, 0xc5, 0xbf, 0xc4, 0xc5, 0xbf, 0xc4, 0xc5, 0xbf, 0xc4, 0xc5,
  0xbf, 0xc4, 0xc5, 0xbf, 0xc4, 0xc5, 0xbf, 0xc4, 0xc5, 0xbf, 0xc4, 0xc5,
  0xbf, 0xc4, 0xc5, 0xbf, 0xc4, 0xc5, 0xbf, 0xc4, 0xc5, 0xbf, 0xc4, 0xc5,
  0xbf, 0xc4, 0xc5, 0xbf, 0xc4, 0xc5, 0xbf, 0xc4, 0xc5, 0xbf, 0xc4, 0xc5,
  0xbf, 0xc4, 0xc5, 0xbf, 0xc4, 0xc5, 0xbf, 0xc4, 0xc5, 0xbf, 0xc4, 0xc5,
  0xbf, 0xc4, 0xc5, 0xbf, 0xc4, 0xc5, 0xbf, 0xc4, 0xc5, 0xbf, 0xc4, 0xc5,
  0xbf, 0xc4, 0xc5, 0xbf, 0xc4, 0xc5, 0xbf, 0xc4, 0xc5, 0xbf, 0xc4, 0xc5,
  0xbf, 0xc4, 0xc5, 0xbf, 0xc4, 0xc5, 0xbf, 0xc4, 0xc5, 0xbf, 0xc4, 0xc5,
  0xbf, 0xc4, 0xc5, 0xbf, 0xc4, 0xc5, 0xbf, 0xc4, 0xc5, 0xbf, 0xc4, 0xc5,
  0xbf, 0xc4, 0xc5, 0xbf, 0xc4, 0xc5, 0xbf, 0xc4, 0xc5, 0xbf, 0xc4, 0xc5,
  0xbf, 0xc4, 0xc5, 0xbf, 0xc4, 0xc5, 0xbf, 0xc4, 0xc5, 0xbf, 0xc4, 0xc5,
  0xbf, 0xc4, 0xc5, 0xbf, 0xc4, 0xc5, 0xbf, 0xc4, 0xc5, 0xbf, 0xc4, 0xc5,
  0xbf, 0xc4, 0xc5, 0xbf, 0xc4, 0xc5, 0xbf, 0xc4, 0xc5, 0xbf, 0xc4, 0xc5,
  0xbf, 0xc4, 0xc5, 0xbf, 0xc4, 0xc5, 0xbf, 0xc4, 0xc5, 0xbf, 0xc4, 0xc5,
  0xbf, 0xc4, 0xc5, 0xbf, 0xc4, 0xc5, 0xbf, 0xc4, 0xc5, 0xbf, 0xc4, 0xc5,
  0xbf, 0xc4, 0xc4, 0xbf, 0xc4, 0xc4, 0xbf, 0xc4, 0xc5, 0xbf, 0xc4, 0xc5,
  0xbf, 0xc4, 0xc5, 0xbf, 0xc4, 0xc5, 0xbf, 0xc4, 0xc4, 0xbf, 0xc4, 0xc4,
  0xbf, 0xc4, 0xc5, 0xbf, 0xc3, 0xc4, 0xbf, 0xc2, 0xc3, 0xcd, 0xce, 0xcf,
  0xed, 0xed, 0xed, 0x00, 0x00, 0x00, 0xff, 0xff, 0xff, 0xff, 0xff, 0xff,
  0xfc, 0xfc, 0xfc, 0xf8, 0xf8, 0xf8, 0xf5, 0xf5, 0xf5, 0xf5, 0xf5, 0xf5,
  0xf5, 0xf5, 0xf5, 0xf5, 0xf5, 0xf5, 0xf5, 0xf5, 0xf5, 0xf5, 0xf5, 0xf5,
  0xf5, 0xf5, 0xf5, 0xf5, 0xf5, 0xf5, 0xf5, 0xf5, 0xf5, 0xf5, 0xf5, 0xf5,
  0xf5, 0xf5, 0xf5, 0xf5, 0xf5, 0xf5, 0xf5, 0xf5, 0xf5, 0xf5, 0xf5, 0xf5,
  0xf5, 0xf5, 0xf5, 0xf5, 0xf5, 0xf5, 0xf5, 0xf5, 0xf5, 0xf5, 0xf5, 0xf5,
  0xf5, 0xf5, 0xf5, 0xf5, 0xf5, 0xf5, 0xf5, 0xf5, 0xf5, 0xf5, 0xf5, 0xf5,
  0xf5, 0xf5, 0xf5, 0xf5, 0xf5, 0xf5, 0xf5, 0xf5, 0xf5, 0xf5, 0xf5, 0xf5,
  0xf5, 0xf5, 0xf5, 0xf5, 0xf5, 0xf5, 0xf5, 0xf5, 0xf5, 0xf5, 0xf5, 0xf5,
  0xf5, 0xf5, 0xf5, 0xf5, 0xf5, 0xf5, 0xf5, 0xf5, 0xf5, 0xf5, 0xf5, 0xf5,
  0xf5, 0xf5, 0xf5, 0xf5, 0xf5, 0xf5, 0xf5, 0xf5, 0xf5, 0xf5, 0xf5, 0xf5,
  0xf5, 0xf5, 0xf5, 0xf5, 0xf5, 0xf5, 0xf5, 0xf5, 0xf5, 0xf5, 0xf5, 0xf5,
  0xf5, 0xf5, 0xf5, 0xf5, 0xf5, 0xf5, 0xf5, 0xf5, 0xf5, 0xf5, 0xf5, 0xf5,
  0xf5, 0xf5, 0xf5, 0xf5, 0xf5, 0xf5, 0xf5, 0xf5, 0xf5, 0xf5, 0xf5, 0xf5,
  0xf5, 0xf5, 0xf5, 0xf5, 0xf5, 0xf5, 0xf5, 0xf5, 0xf5, 0xf5, 0xf5, 0xf5,
  0xf5, 0xf5, 0xf5, 0xf5, 0xf5, 0xf5, 0xf5, 0xf5, 0xf5, 0xf5, 0xf5, 0xf5,
  0xf5, 0xf5, 0xf5, 0xf5, 0xf5, 0xf5, 0xf5, 0xf5, 0xf5, 0xf5, 0xf5, 0xf5,
  0xf5, 0xf5, 0xf5, 0xf5, 0xf5, 0xf5, 0xf5, 0xf5, 0xf5, 0xf5, 0xf5, 0xf5,
  0xf5, 0xf5, 0xf5, 0xf5, 0xf5, 0xf5, 0xf5, 0xf5, 0xf5, 0xf5, 0xf5, 0xf5,
  0xf5, 0xf5, 0xf5, 0xf5, 0xf5, 0xf5, 0xf5, 0xf5, 0xf5, 0xf5, 0xf5, 0xf5,
  0xf5, 0xf5, 0xf5, 0xf5, 0xf5, 0xf5, 0xf5, 0xf5, 0xf5, 0xf5, 0xf5, 0xf5,
  0xf5, 0xf5, 0xf5, 0xf5, 0xf5, 0xf5, 0xf5, 0xf5, 0xf5, 0xf5, 0xf5, 0xf5,
  0xf5, 0xf5, 0xf5, 0xf5, 0xf5, 0xf5, 0xf5, 0xf5, 0xf5, 0xf5, 0xf5, 0xf5,
  0xf5, 0xf5, 0xf5, 0xf5, 0xf5, 0xf5, 0xf5, 0xf5, 0xf5, 0xf7, 0xf7, 0xf7,
  0xfc, 0xfc, 0xfc, 0x00, 0x00, 0x00, 0xff, 0xff, 0xff, 0xff, 0xff, 0xff,
  0xff, 0xff, 0xff, 0xff, 0xff, 0xff, 0xff, 0xff, 0xff, 0xff, 0xff, 0xff,
  0xff, 0xff, 0xff, 0xff, 0xff, 0xff, 0xff, 0xff, 0xff, 0xff, 0xff, 0xff,
  0xff, 0xff, 0xff, 0xff, 0xff, 0xff, 0xff, 0xff, 0xff, 0xff, 0xff, 0xff,
  0xff, 0xff, 0xff, 0xff, 0xff, 0xff, 0xff, 0xff, 0xff, 0xff, 0xff, 0xff,
  0xff, 0xff, 0xff, 0xff, 0xff, 0xff, 0xff, 0xff, 0xff, 0xff, 0xff, 0xff,
  0xff, 0xff, 0xff, 0xff, 0xff, 0xff, 0xff, 0xff, 0xff, 0xff, 0xff, 0xff,
  0xff, 0xff, 0xff, 0xff, 0xff, 0xff, 0xff, 0xff, 0xff, 0xff, 0xff, 0xff,
  0xff, 0xff, 0xff, 0xff, 0xff, 0xff, 0xff, 0xff, 0xff, 0xff, 0xff, 0xff,
  0xff, 0xff, 0xff, 0xff, 0xff, 0xff, 0xff, 0xff, 0xff, 0xff, 0xff, 0xff,
  0xff, 0xff, 0xff, 0xff, 0xff, 0xff, 0xff, 0xff, 0xff, 0xff, 0xff, 0xff,
  0xff, 0xff, 0xff, 0xff, 0xff, 0xff, 0xff, 0xff, 0xff, 0xff, 0xff, 0xff,
  0xff, 0xff, 0xff, 0xff, 0xff, 0xff, 0xff, 0xff, 0xff, 0xff, 0xff, 0xff,
  0xff, 0xff, 0xff, 0xff, 0xff, 0xff, 0xff, 0xff, 0xff, 0xff, 0xff, 0xff,
  0xff, 0xff, 0xff, 0xff, 0xff, 0xff, 0xff, 0xff, 0xff, 0xff, 0xff, 0xff,
  0xff, 0xff, 0xff, 0xff, 0xff, 0xff, 0xff, 0xff, 0xff, 0xff, 0xff, 0xff,
  0xff, 0xff, 0xff, 0xff, 0xff, 0xff, 0xff, 0xff, 0xff, 0xff, 0xff, 0xff,
  0xff, 0xff, 0xff, 0xff, 0xff, 0xff, 0xff, 0xff, 0xff, 0xff, 0xff, 0xff,
  0xff, 0xff, 0xff, 0xff, 0xff, 0xff, 0xff, 0xff, 0xff, 0xff, 0xff, 0xff,
  0xff, 0xff, 0xff, 0xff, 0xff, 0xff, 0xff, 0xff, 0xff, 0xff, 0xff, 0xff,
  0xff, 0xff, 0xff, 0xff, 0xff, 0xff, 0xff, 0xff, 0xff, 0xff, 0xff, 0xff,
  0xff, 0xff, 0xff, 0xff, 0xff, 0xff, 0xff, 0xff, 0xff, 0xff, 0xff, 0xff,
  0xff, 0xff, 0xff, 0xff, 0xff, 0xff, 0xff, 0xff, 0xff, 0xff, 0xff, 0xff,
  0xff, 0xff, 0xff, 0xff, 0xff, 0xff, 0xff, 0xff, 0xff, 0xff, 0xff, 0xff,
  0xff, 0xff, 0xff, 0x00, 0x00, 0x00
};
unsigned int fun_bmp_len = 26346;